{
  "species": "cobblemon:ivysaur",
  "order": 7,
  "variations": [
    {
      "aspects": ["shadow"],
      "poser": "cobblemon:ivysaur",
      "model": "cobblemon:ivysaur.geo",
      "texture": "cobblemon:textures/pokemon/0002_ivysaur/ivysaur_shadow.png",
      "layers": [
        {
          "name": "emissive",
          "texture": "cobblemon:textures/pokemon/0002_ivysaur/ivysaur_shadow_emissive.png",
          "emissive": true
        }
      ]
    },
    {
      "aspects": [
        "shadow",
        "shiny"
      ],
      "texture": "cobblemon:textures/pokemon/0002_ivysaur/ivysaur_shadow_shiny.png"
    }
  ]
}