{
  "target": "cobblemon:deino",
  "implemented": true,
  "name": "Deino",
  "forms": [
    {
      "implemented": true,
      "name": "Twilight",
      "nationalPokedexNumber": 633,
      "primaryType": "dragon",
      "secondaryType": "fire",
      "abilities": [
        "multiscale"
      ],
      "drops": {
        "amount": 2,
        "entries": [
          {
            "item": "minecraft:dragon_breath",
            "quantityRange": "0-1"
          },
          {
            "item": "twilightforest:fiery_blood",
            "percentage": 2.5
          }
        ]
      },
      "baseStats": {
        "hp": 52,
        "attack": 65,
        "defence": 50,
        "special_attack": 45,
        "special_defence": 50,
        "speed": 38
      },
      "catchRate": 45,
      "maleRatio": 0.5,
      "shoulderMountable": false,
      "baseExperienceYield": 60,
      "experienceGroup": "slow",
      "eggCycles": 40,
      "eggGroups": [
        "dragon"
      ],
      "moves": [
        "1:dragonrage",
        "1:focusenergy",
        "1:tackle",
        "4:dragonbreath",
        "8:firefang",
        "12:roar",
        "16:flamecharge",
        "20:headbutt",
        "24:workup",
        "28:temperflare",
        "32:willowisp",
        "36:burningjealousy",
        "40:dragonpulse",
        "44:flamethrower",
        "48:ragingfury",
        "52:dragonrush",
        "56:nastyplot",
        "60:outrage",
        "egg:assurance",
        "egg:astonish",
        "egg:belch",
        "egg:darkpulse",
        "egg:doublehit",
        "egg:earthpower",
        "egg:firefang",
        "egg:headsmash",
        "egg:icefang",
        "egg:screech",
        "egg:thunderfang",
        "tm:assurance",
        "tm:attract",
        "tm:bodyslam",
        "tm:confide",
        "tm:crunch",
        "tm:darkpulse",
        "tm:doubleteam",
        "tm:dracometeor",
        "tm:dragoncheer",
        "tm:dragonpulse",
        "tm:dragontail",
        "tm:earthpower",
        "tm:endure",
        "tm:facade",
        "tm:firefang",
        "tm:focusenergy",
        "tm:frustration",
        "tm:hiddenpower",
        "tm:hypervoice",
        "tm:icefang",
        "tm:incinerate",
        "tm:nastyplot",
        "tm:outrage",
        "tm:protect",
        "tm:psychup",
        "tm:raindance",
        "tm:rest",
        "tm:return",
        "tm:roar",
        "tm:rocksmash",
        "tm:round",
        "tm:scaryface",
        "tm:screech",
        "tm:secretpower",
        "tm:sleeptalk",
        "tm:snarl",
        "tm:snore",
        "tm:spite",
        "tm:strength",
        "tm:substitute",
        "tm:sunnyday",
        "tm:superpower",
        "tm:swagger",
        "tm:takedown",
        "tm:taunt",
        "tm:terablast",
        "tm:thief",
        "tm:thunderfang",
        "tm:thunderwave",
        "tm:torment",
        "tm:toxic",
        "tm:uproar",
        "tm:workup",
        "tm:zenheadbutt",
        "tutor:aquatail",
        "tutor:darkpulse",
        "tutor:dracometeor",
        "tutor:dragonpulse",
        "tutor:dragonrage",
        "tutor:earthpower",
        "tutor:hypervoice",
        "tutor:outrage",
        "tutor:shockwave",
        "tutor:sleeptalk",
        "tutor:snore",
        "tutor:spite",
        "tutor:superpower",
        "tutor:tackle",
        "tutor:uproar",
        "tutor:zenheadbutt"
      ],
      "labels": [
        "gen5"
      ],
      "pokedex": [
        "cobblemon.species.deino.desc"
      ],
      "evolutions": [
        {
          "id": "deino_zweilous_twilight",
          "variant": "level_up",
          "result": "zweilous twilight",
          "consumeHeldItem": false,
          "learnableMoves": [],
          "requirements": [
            {
              "variant": "level",
              "minLevel": 50
            }
          ]
        },
        {
          "id": "deino_twilight_to_normal",
          "variant": "item_interact",
          "result": "deino twilight=false",
          "consumeHeldItem": false,
          "learnableMoves": [],
          "requirements": [],
          "requiredContext": "twilightforest:transformation_powder"
        }
      ],
      "baseScale": 0.75,
      "hitbox": {
        "width": 0.85,
        "height": 1.4,
        "fixed": false
      },
      "baseFriendship": 35,
      "evYield": {
        "hp": 0,
        "attack": 1,
        "defence": 0,
        "special_attack": 0,
        "special_defence": 0,
        "speed": 0
      },
      "height": 8,
      "weight": 173,
      "aspects": ["twilight"],
      "cannotDynamax": false
    }    
  ],
  "evolutions": [
        {
          "id": "deino_to_twilight",
          "variant": "item_interact",
          "result": "deino twilight=true",
          "consumeHeldItem": false,
          "learnableMoves": [],
          "requirements": [],
          "requiredContext": "twilightforest:transformation_powder"
        }
      ]
}