{
  "target": "cobblemon:hydreigon",
  "implemented": true,
  "name": "Hydreigon",
  "forms": [
    {
      "implemented": true,
      "name": "Twilight",
      "nationalPokedexNumber": 635,
      "primaryType": "dragon",
      "secondaryType": "fire",
      "abilities": [
        "multiscale"
      ],
      "drops": {
        "amount": 4,
        "entries": [
          {
            "item": "minecraft:dragon_breath",
            "quantityRange": "0-3"
          },
          {
            "item": "twilightforest:fiery_blood",
            "percentage": 10.0
          }
        ]
      },
      "baseStats": {
        "hp": 92,
        "attack": 105,
        "defence": 90,
        "special_attack": 125,
        "special_defence": 90,
        "speed": 98
      },
      "behaviour": {
        "resting": {
          "canSleep": true,
          "depth": "normal",
          "light": "0-4"
        },
        "moving": {
          "fly": {
            "canFly": true
          }
        }
      },
      "catchRate": 45,
      "maleRatio": 0.5,
      "shoulderMountable": false,
      "baseExperienceYield": 300,
      "experienceGroup": "slow",
      "eggCycles": 40,
      "eggGroups": [
        "dragon"
      ],
      "moves": [
        "1:flameburst",
        "1:heatwave",
        "1:dragonbreath",
        "1:dragonrage",
        "1:focusenergy",
        "1:tackle",
        "1:triattack",
        "12:roar",
        "16:flamecharge",
        "20:headbutt",
        "24:workup",
        "28:temperflare",
        "32:willowisp",
        "36:burningjealousy",
        "40:dragonpulse",
        "44:flamethrower",
        "48:ragingfury",
        "54:dragonrush",
        "60:nastyplot",
        "68:outrage",
        "76:eruption",
        "tm:acrobatics",
        "tm:assurance",
        "tm:attract",
        "tm:beatup",
        "tm:bodyslam",
        "tm:breakingswipe",
        "tm:brutalswing",
        "tm:bulldoze",
        "tm:chargebeam",
        "tm:confide",
        "tm:crunch",
        "tm:darkpulse",
        "tm:doubleteam",
        "tm:dracometeor",
        "tm:dragoncheer",
        "tm:dragondance",
        "tm:dragonpulse",
        "tm:dragontail",
        "tm:dualwingbeat",
        "tm:earthpower",
        "tm:earthquake",
        "tm:echoedvoice",
        "tm:endure",
        "tm:facade",
        "tm:fireblast",
        "tm:firefang",
        "tm:firespin",
        "tm:flamethrower",
        "tm:flashcannon",
        "tm:fly",
        "tm:focusblast",
        "tm:focusenergy",
        "tm:frustration",
        "tm:gigaimpact",
        "tm:heatwave",
        "tm:helpinghand",
        "tm:hiddenpower",
        "tm:hydropump",
        "tm:hyperbeam",
        "tm:hypervoice",
        "tm:icefang",
        "tm:incinerate",
        "tm:irontail",
        "tm:lashout",
        "tm:nastyplot",
        "tm:outrage",
        "tm:payback",
        "tm:protect",
        "tm:psychup",
        "tm:raindance",
        "tm:reflect",
        "tm:rest",
        "tm:return",
        "tm:roar",
        "tm:rockslide",
        "tm:rocksmash",
        "tm:rocktomb",
        "tm:roost",
        "tm:round",
        "tm:scaleshot",
        "tm:scaryface",
        "tm:screech",
        "tm:secretpower",
        "tm:sleeptalk",
        "tm:snarl",
        "tm:snore",
        "tm:spite",
        "tm:stealthrock",
        "tm:steelwing",
        "tm:stompingtantrum",
        "tm:stoneedge",
        "tm:strength",
        "tm:substitute",
        "tm:sunnyday",
        "tm:superpower",
        "tm:surf",
        "tm:swagger",
        "tm:tailwind",
        "tm:takedown",
        "tm:taunt",
        "tm:terablast",
        "tm:thief",
        "tm:throatchop",
        "tm:thunderfang",
        "tm:thunderwave",
        "tm:torment",
        "tm:toxic",
        "tm:triattack",
        "tm:uproar",
        "tm:uturn",
        "tm:workup",
        "tm:zenheadbutt",
        "tutor:aquatail",
        "tutor:crunch",
        "tutor:darkpulse",
        "tutor:defog",
        "tutor:dracometeor",
        "tutor:dragonbreath",
        "tutor:dragonpulse",
        "tutor:dragonrush",
        "tutor:dualwingbeat",
        "tutor:earthpower",
        "tutor:flamethrower",
        "tutor:focusblast",
        "tutor:frustration",
        "tutor:heatwave",
        "tutor:hypervoice",
        "tutor:irontail",
        "tutor:outrage",
        "tutor:rockslide",
        "tutor:roost",
        "tutor:scaleshot",
        "tutor:shockwave",
        "tutor:signalbeam",
        "tutor:sleeptalk",
        "tutor:snore",
        "tutor:spite",
        "tutor:superpower",
        "tutor:tailwind",
        "tutor:throatchop",
        "tutor:uproar",
        "tutor:zenheadbutt"
      ],
      "labels": [
        "gen5",
        "pseudo_legendary"
      ],
      "pokedex": [
        "cobblemon.species.hydreigon.desc"
      ],
      "preEvolution": "zweilous twilight",
      "evolutions": [
        {
          "id": "hydreigon_twilight_to_normal",
          "variant": "item_interact",
          "result": "hydreigon twilight=false",
          "consumeHeldItem": false,
          "learnableMoves": [],
          "requirements": [],
          "requiredContext": "twilightforest:transformation_powder"
        }
      ],
      "baseScale": 1,
      "hitbox": {
        "width": 1.5,
        "height": 2.66,
        "fixed": false
      },
      "baseFriendship": 35,
      "evYield": {
        "hp": 0,
        "attack": 0,
        "defence": 0,
        "special_attack": 3,
        "special_defence": 0,
        "speed": 0
      },
      "height": 18,
      "weight": 1600,
      "aspects": ["twilight"],
      "cannotDynamax": false
    }    
  ],
  "evolutions": [
        {
          "id": "hydreigon_to_twilight",
          "variant": "item_interact",
          "result": "hydreigon twilight=true",
          "consumeHeldItem": false,
          "learnableMoves": [],
          "requirements": [],
          "requiredContext": "twilightforest:transformation_powder"
        }
      ]
}