{
  "target": "cobblemon:scolipede",
  "implemented": true,
  "name": "Scolipede",
  "forms": [
    {
      "implemented": true,
      "name": "Twilight Scolipede",
      "nationalPokedexNumber": 545,
      "primaryType": "psychic",
      "secondaryType": "dark",
      "abilities": [
        "wonderskin",
        "h:speedboost"
      ],
      "drops": {
        "amount": 5,
        "entries": [
          {
            "item": "minecraft:echo_shard",
            "quantityRange": "2-5"
          },
          {
            "item": "cobblemon:life_orb",
            "percentage": 5.0
          },
          {
            "item": "cobblemon:tanga_berry",
            "percentage": 5.0
          }
        ]
      },
      "baseStats": {
        "hp": 60,
        "attack": 100,
        "defence": 89,
        "special_attack": 55,
        "special_defence": 69,
        "speed": 112
      },
      "behaviour": {
        "moving": {
          "walk": {
            "walkSpeed": 0.24
          }
        },
        "resting": {
          "canSleep": false,
          "willSleepOnBed": false,
          "depth": "normal",
          "light": "11-15"
        }
      },
      "catchRate": 45,
      "maleRatio": 0.5,
      "shoulderMountable": false,
      "baseExperienceYield": 243,
      "experienceGroup": "medium_slow",
      "eggCycles": 20,
      "eggGroups": [
        "bug"
      ],
      "moves": [
        "1:batonpass",
        "1:defensecurl",
        "1:irondefense",
        "1:powertrip",
        "1:obstruct",
        "1:rollout",
        "12:psybeam",
        "12:pursuit",
        "16:cosmicpower",
        "20:brutalswing",
        "26:zenheadbutt",
        "34:powertrick",
        "39:lashout",
        "42:agility",
        "48:psychicterrain",
        "50:psychicfangs",
        "58:swordsdance",
        "66:darkestlariat",
        "74:kowtowcleave",
        "tm:agility",
        "tm:assurance",
        "tm:attract",
        "tm:batonpass",
        "tm:bulldoze",
        "tm:confide",
        "tm:crosspoison",
        "tm:cut",
        "tm:dig",
        "tm:doubleteam",
        "tm:earthquake",
        "tm:endure",
        "tm:facade",
        "tm:frustration",
        "tm:gigaimpact",
        "tm:gyroball",
        "tm:hex",
        "tm:hiddenpower",
        "tm:hyperbeam",
        "tm:infestation",
        "tm:irondefense",
        "tm:irontail",
        "tm:megahorn",
        "tm:payback",
        "tm:pinmissile",
        "tm:poisonjab",
        "tm:protect",
        "tm:rest",
        "tm:return",
        "tm:rockslide",
        "tm:rocksmash",
        "tm:rocktomb",
        "tm:round",
        "tm:screech",
        "tm:secretpower",
        "tm:sleeptalk",
        "tm:sludgebomb",
        "tm:smartstrike",
        "tm:snore",
        "tm:solarbeam",
        "tm:spikes",
        "tm:stompingtantrum",
        "tm:strength",
        "tm:strugglebug",
        "tm:substitute",
        "tm:sunnyday",
        "tm:superpower",
        "tm:swagger",
        "tm:swordsdance",
        "tm:throatchop",
        "tm:toxic",
        "tm:toxicspikes",
        "tm:venomdrench",
        "tm:venoshock",
        "tm:xscissor",
        "tutor:aquatail",
        "tutor:bugbite",
        "tutor:endeavor",
        "tutor:irondefense",
        "tutor:irontail",
        "tutor:poisontail",
        "tutor:signalbeam",
        "tutor:skittersmack",
        "tutor:sleeptalk",
        "tutor:snatch",
        "tutor:snore",
        "tutor:steelroller",
        "tutor:stompingtantrum",
        "tutor:superpower",
        "tutor:throatchop",
        "tutor:toxicspikes"
      ],
      "labels": [
        "gen5"
      ],
      "pokedex": [
        "cobblemon.species.scolipede.desc"
      ],
      "preEvolution": "whirlipede form=twilight",
      "evolutions": [
        {
          "id": "scolipede_twilight_to_normal",
          "variant": "item_interact",
          "result": "scolipede twilight=false",
          "consumeHeldItem": false,
          "learnableMoves": [],
          "requirements": [],
          "requiredContext": "twilightforest:transformation_powder"
        }
      ],
      "baseScale": 1.0,
      "hitbox": {
        "width": 2.5,
        "height": 3.0,
        "fixed": false
      },
      "baseFriendship": 50,
      "evYield": {
        "hp": 0,
        "attack": 0,
        "defence": 0,
        "special_attack": 0,
        "special_defence": 0,
        "speed": 3
      },
      "height": 25,
      "weight": 2005,
      "aspects": [
        "twilight"
      ],
      "cannotDynamax": false
    }
  ],
  "evolutions": [
        {
          "id": "scolipede_to_twilight",
          "variant": "item_interact",
          "result": "scolipede twilight=true",
          "consumeHeldItem": false,
          "learnableMoves": [],
          "requirements": [],
          "requiredContext": "twilightforest:transformation_powder"
        }
      ]
}