{
  "target": "cobblemon:zweilous",
  "implemented": true,
  "name": "Zweilous",
  "forms": [
    {
      "implemented": true,
      "name": "Twilight",
      "nationalPokedexNumber": 634,
      "primaryType": "dragon",
      "secondaryType": "fire",
      "abilities": [
        "multiscale"
      ],
      "drops": {
        "amount": 3,
        "entries": [
          {
            "item": "minecraft:dragon_breath",
            "quantityRange": "0-2"
          },
          {
            "item": "twilightforest:fiery_blood",
            "percentage": 5.0
          }
        ]
      },
      "baseStats": {
        "hp": 72,
        "attack": 85,
        "defence": 70,
        "special_attack": 65,
        "special_defence": 70,
        "speed": 58
      },
      "catchRate": 45,
      "maleRatio": 0.5,
      "shoulderMountable": false,
      "baseExperienceYield": 147,
      "experienceGroup": "slow",
      "eggCycles": 40,
      "eggGroups": [
        "dragon"
      ],
      "moves": [
        "1:firefang",
        "1:doublehit",
        "1:dragonbreath",
        "1:dragonrage",
        "1:focusenergy",
        "1:tackle",
        "12:roar",
        "16:flamecharge",
        "20:headbutt",
        "24:workup",
        "28:temperflare",
        "32:willowisp",
        "36:burningjealousy",
        "40:dragonpulse",
        "44:flamethrower",
        "48:ragingfury",
        "54:dragonrush",
        "60:nastyplot",
        "66:outrage",
        "tm:assurance",
        "tm:attract",
        "tm:beatup",
        "tm:bodyslam",
        "tm:confide",
        "tm:crunch",
        "tm:darkpulse",
        "tm:doubleteam",
        "tm:dracometeor",
        "tm:dragoncheer",
        "tm:dragonpulse",
        "tm:dragontail",
        "tm:earthpower",
        "tm:endure",
        "tm:facade",
        "tm:firefang",
        "tm:focusenergy",
        "tm:frustration",
        "tm:helpinghand",
        "tm:hiddenpower",
        "tm:hypervoice",
        "tm:icefang",
        "tm:incinerate",
        "tm:lashout",
        "tm:nastyplot",
        "tm:outrage",
        "tm:protect",
        "tm:psychup",
        "tm:raindance",
        "tm:rest",
        "tm:return",
        "tm:roar",
        "tm:rocksmash",
        "tm:round",
        "tm:scaryface",
        "tm:screech",
        "tm:secretpower",
        "tm:sleeptalk",
        "tm:snarl",
        "tm:snore",
        "tm:spite",
        "tm:stompingtantrum",
        "tm:strength",
        "tm:substitute",
        "tm:sunnyday",
        "tm:superpower",
        "tm:swagger",
        "tm:takedown",
        "tm:taunt",
        "tm:terablast",
        "tm:thief",
        "tm:thunderfang",
        "tm:thunderwave",
        "tm:torment",
        "tm:toxic",
        "tm:uproar",
        "tm:workup",
        "tm:zenheadbutt",
        "tutor:aquatail",
        "tutor:darkpulse",
        "tutor:dracometeor",
        "tutor:dragonpulse",
        "tutor:earthpower",
        "tutor:hypervoice",
        "tutor:outrage",
        "tutor:shockwave",
        "tutor:sleeptalk",
        "tutor:snore",
        "tutor:spite",
        "tutor:superpower",
        "tutor:uproar",
        "tutor:zenheadbutt"
      ],
      "labels": [
        "gen5"
      ],
      "pokedex": [
        "cobblemon.species.zweilous.desc"
      ],
      "preEvolution": "deino",
      "evolutions": [
        {
          "id": "zweilous_hydreigon_twilight",
          "variant": "level_up",
          "result": "hydreigon twilight",
          "consumeHeldItem": false,
          "learnableMoves": [],
          "requirements": [
            {
              "variant": "level",
              "minLevel": 64
            }
          ]
        },
        {
          "id": "zweilous_twilight_to_normal",
          "variant": "item_interact",
          "result": "zweilous twilight=false",
          "consumeHeldItem": false,
          "learnableMoves": [],
          "requirements": [],
          "requiredContext": "twilightforest:transformation_powder"
        }
      ],
      "baseScale": 0.75,
      "hitbox": {
        "width": 1.5,
        "height": 1.8,
        "fixed": false
      },
      "baseFriendship": 35,
      "evYield": {
        "hp": 0,
        "attack": 2,
        "defence": 0,
        "special_attack": 0,
        "special_defence": 0,
        "speed": 0
      },
      "height": 14,
      "weight": 500,
      "aspects": ["twilight"],
      "cannotDynamax": false
    }    
  ],
  "evolutions": [
        {
          "id": "zweilous_to_twilight",
          "variant": "item_interact",
          "result": "zweilous twilight=true",
          "consumeHeldItem": false,
          "learnableMoves": [],
          "requirements": [],
          "requiredContext": "twilightforest:transformation_powder"
        }
      ]
}