{
  "implemented": true,
  "name": "Miltank",
  "nationalPokedexNumber": 241,
  "primaryType": "normal",
  "abilities": [
    "thickfat",
    "scrappy",
    "h:sapsipper"
  ],
  "baseStats": {
    "hp": 95,
    "attack": 80,
    "defence": 105,
    "special_attack": 40,
    "special_defence": 70,
    "speed": 100
  },
  "behaviour": {
    "resting": {
      "canSleep": true,
      "willSleepOnBed": false,
      "depth": "normal",
      "light": "0-4"
    }
  },
  "catchRate": 45,
  "maleRatio": 0,
  "shoulderMountable": false,
  "forms": [
    {
      "implemented": true,
      "name": "Miltank Mooshtank=Red",
      "nationalPokedexNumber": 241,
      "primaryType": "normal",
      "secondaryType": "grass",
      "abilities": [
        "effectspore",
        "h:sapsipper"
      ],
      "baseStats": {
        "hp": 95,
        "attack": 80,
        "defence": 105,
        "special_attack": 40,
        "special_defence": 70,
        "speed": 100
      },
      "behaviour": {
        "resting": {
          "canSleep": true,
          "willSleepOnBed": false,
          "depth": "normal",
          "light": "0-4"
        }
      },
      "catchRate": 45,
      "maleRatio": 0,
      "shoulderMountable": false,
      "baseExperienceYield": 172,
      "experienceGroup": "slow",
      "eggCycles": 20,
      "features": [
        "mooshtank"
      ],
      "eggGroups": [
        "field"
      ],
      "drops": {
        "amount": 6,
        "entries": [
          {
            "item": "twilightforest:raw_meef",
            "quantityRange": "0-2"
          },
          {
            "item": "minecraft:red_mushroom",
            "quantityRange": "1-3"
          },
          {
            "item": "cobblemon:oran_berry",
            "percentage": 5.0
          }
        ]
      },
      "moves": [
        "1:growl",
        "1:stunspore",
        "1:tackle",
        "5:rollout",
        "10:defensecurl",
        "13:leechseed",
        "15:stomp",
        "17:bulletseed",
        "20:healbell",
        "25:headbutt",
        "30:zenheadbutt",
        "33:strengthsap",
        "35:milkdrink",
        "40:bodyslam",
        "41:seedbomb",
        "45:playrough",
        "50:spore",
        "51:wakeupslap",
        "55:highhorsepower",
        "egg:belch",
        "egg:curse",
        "egg:dizzypunch",
        "egg:doubleedge",
        "egg:endure",
        "egg:focuspunch",
        "egg:hammerarm",
        "egg:heartstamp",
        "egg:helpinghand",
        "egg:naturalgift",
        "egg:present",
        "egg:psychup",
        "egg:punishment",
        "egg:reversal",
        "egg:seismictoss",
        "egg:sleeptalk",
        "tm:attract",
        "tm:blizzard",
        "tm:bodypress",
        "tm:bodyslam",
        "tm:brickbreak",
        "tm:bulldoze",
        "tm:captivate",
        "tm:charm",
        "tm:confide",
        "tm:doubleteam",
        "tm:earthquake",
        "tm:echoedvoice",
        "tm:endure",
        "tm:facade",
        "tm:firepunch",
        "tm:fling",
        "tm:focusblast",
        "tm:focuspunch",
        "tm:frustration",
        "tm:gigaimpact",
        "tm:gyroball",
        "tm:heavyslam",
        "tm:helpinghand",
        "tm:hiddenpower",
        "tm:highhorsepower",
        "tm:hyperbeam",
        "tm:icebeam",
        "tm:icepunch",
        "tm:icywind",
        "tm:ironhead",
        "tm:irontail",
        "tm:megakick",
        "tm:megapunch",
        "tm:metronome",
        "tm:naturalgift",
        "tm:playrough",
        "tm:poweruppunch",
        "tm:protect",
        "tm:psychup",
        "tm:raindance",
        "tm:rest",
        "tm:retaliate",
        "tm:return",
        "tm:reversal",
        "tm:rockslide",
        "tm:rocksmash",
        "tm:rocktomb",
        "tm:round",
        "tm:sandstorm",
        "tm:secretpower",
        "tm:shadowball",
        "tm:shockwave",
        "tm:sleeptalk",
        "tm:snore",
        "tm:solarbeam",
        "tm:stealthrock",
        "tm:stompingtantrum",
        "tm:strength",
        "tm:substitute",
        "tm:sunnyday",
        "tm:surf",
        "tm:swagger",
        "tm:thunder",
        "tm:thunderbolt",
        "tm:thunderpunch",
        "tm:thunderwave",
        "tm:toxic",
        "tm:waterpulse",
        "tm:whirlpool",
        "tm:workup",
        "tm:zenheadbutt",
        "tutor:afteryou",
        "tutor:attract",
        "tutor:bide",
        "tutor:blizzard",
        "tutor:block",
        "tutor:bodyslam",
        "tutor:counter",
        "tutor:curse",
        "tutor:defensecurl",
        "tutor:doubleedge",
        "tutor:doubleteam",
        "tutor:dynamicpunch",
        "tutor:earthquake",
        "tutor:endure",
        "tutor:firepunch",
        "tutor:focuspunch",
        "tutor:frustration",
        "tutor:growl",
        "tutor:headbutt",
        "tutor:healbell",
        "tutor:helpinghand",
        "tutor:hiddenpower",
        "tutor:hyperbeam",
        "tutor:icepunch",
        "tutor:icywind",
        "tutor:ironhead",
        "tutor:irontail",
        "tutor:megakick",
        "tutor:megapunch",
        "tutor:metronome",
        "tutor:milkdrink",
        "tutor:mimic",
        "tutor:mudslap",
        "tutor:present",
        "tutor:protect",
        "tutor:psychup",
        "tutor:raindance",
        "tutor:rest",
        "tutor:return",
        "tutor:reversal",
        "tutor:rockslide",
        "tutor:rocksmash",
        "tutor:rollout",
        "tutor:sandstorm",
        "tutor:seismictoss",
        "tutor:shadowball",
        "tutor:shockwave",
        "tutor:sleeptalk",
        "tutor:snore",
        "tutor:stealthrock",
        "tutor:steelroller",
        "tutor:stomp",
        "tutor:stompingtantrum",
        "tutor:strength",
        "tutor:substitute",
        "tutor:sunnyday",
        "tutor:surf",
        "tutor:swagger",
        "tutor:sweetscent",
        "tutor:tackle",
        "tutor:thunder",
        "tutor:thunderpunch",
        "tutor:thunderwave",
        "tutor:toxic",
        "tutor:waterpulse",
        "tutor:zapcannon",
        "tutor:zenheadbutt"
      ],
      "labels": [
        "gen2"
      ],
      "pokedex": [
        "cobblemon.species.miltank.desc"
      ],
      "aspects": ["mooshtank-red"],
      "evolutions": [
        {
          "id": "miltank_red_to_brown",
          "variant": "item_interact",
          "result": "miltank mooshtank=brown",
          "consumeHeldItem": true,
          "learnableMoves": [],
          "requirements": [
            {
              "variant": "held_item",
              "itemCondition": "minecraft:brown_mushroom"
            }
          ],
          "requiredContext": "twilightforest:transformation_powder"
        },
        {
          "id": "miltank_to_normal_red",
          "variant": "item_interact",
          "result": "miltank mooshtank=false",
          "consumeHeldItem": false,
          "learnableMoves": [],
          "requirements": [],
          "requiredContext": "twilightforest:transformation_powder"
        }
      ],
      "baseScale": 0.75,
      "hitbox": {
        "width": 1.1,
        "height": 2,
        "fixed": false
      },
      "baseFriendship": 50,
      "evYield": {
        "hp": 0,
        "attack": 0,
        "defence": 2,
        "special_attack": 0,
        "special_defence": 0,
        "speed": 0
      },
      "height": 12,
      "weight": 755,
      "cannotDynamax": false
    },
    {
      "implemented": true,
      "name": "Miltank Mooshtank=Brown",
      "nationalPokedexNumber": 241,
      "primaryType": "normal",
      "secondaryType": "grass",
      "abilities": [
        "thickfat",
        "h:sapsipper"
      ],
      "baseStats": {
        "hp": 95,
        "attack": 80,
        "defence": 105,
        "special_attack": 40,
        "special_defence": 70,
        "speed": 100
      },
      "behaviour": {
        "resting": {
          "canSleep": true,
          "willSleepOnBed": false,
          "depth": "normal",
          "light": "0-4"
        }
      },
      "catchRate": 45,
      "maleRatio": 0,
      "shoulderMountable": false,
      "baseExperienceYield": 172,
      "experienceGroup": "slow",
      "eggCycles": 20,
      "features": [
        "mooshtank"
      ],
      "eggGroups": [
        "field"
      ],
      "drops": {
        "amount": 6,
        "entries": [
          {
            "item": "twilightforest:raw_meef",
            "quantityRange": "0-2"
          },
          {
            "item": "minecraft:brown_mushroom",
            "quantityRange": "1-3"
          },
          {
            "item": "cobblemon:oran_berry",
            "percentage": 5.0
          }
        ]
      },
      "moves": [
        "1:growl",
        "1:stunspore",
        "1:tackle",
        "5:rollout",
        "10:defensecurl",
        "13:leechseed",
        "15:stomp",
        "17:bulletseed",
        "20:healbell",
        "25:headbutt",
        "30:zenheadbutt",
        "33:strengthsap",
        "35:milkdrink",
        "40:bodyslam",
        "41:seedbomb",
        "45:playrough",
        "50:spore",
        "51:wakeupslap",
        "55:highhorsepower",
        "egg:belch",
        "egg:curse",
        "egg:dizzypunch",
        "egg:doubleedge",
        "egg:endure",
        "egg:focuspunch",
        "egg:hammerarm",
        "egg:heartstamp",
        "egg:helpinghand",
        "egg:naturalgift",
        "egg:present",
        "egg:psychup",
        "egg:punishment",
        "egg:reversal",
        "egg:seismictoss",
        "egg:sleeptalk",
        "tm:attract",
        "tm:blizzard",
        "tm:bodypress",
        "tm:bodyslam",
        "tm:brickbreak",
        "tm:bulldoze",
        "tm:captivate",
        "tm:charm",
        "tm:confide",
        "tm:doubleteam",
        "tm:earthquake",
        "tm:echoedvoice",
        "tm:endure",
        "tm:facade",
        "tm:firepunch",
        "tm:fling",
        "tm:focusblast",
        "tm:focuspunch",
        "tm:frustration",
        "tm:gigaimpact",
        "tm:gyroball",
        "tm:heavyslam",
        "tm:helpinghand",
        "tm:hiddenpower",
        "tm:highhorsepower",
        "tm:hyperbeam",
        "tm:icebeam",
        "tm:icepunch",
        "tm:icywind",
        "tm:ironhead",
        "tm:irontail",
        "tm:megakick",
        "tm:megapunch",
        "tm:metronome",
        "tm:naturalgift",
        "tm:playrough",
        "tm:poweruppunch",
        "tm:protect",
        "tm:psychup",
        "tm:raindance",
        "tm:rest",
        "tm:retaliate",
        "tm:return",
        "tm:reversal",
        "tm:rockslide",
        "tm:rocksmash",
        "tm:rocktomb",
        "tm:round",
        "tm:sandstorm",
        "tm:secretpower",
        "tm:shadowball",
        "tm:shockwave",
        "tm:sleeptalk",
        "tm:snore",
        "tm:solarbeam",
        "tm:stealthrock",
        "tm:stompingtantrum",
        "tm:strength",
        "tm:substitute",
        "tm:sunnyday",
        "tm:surf",
        "tm:swagger",
        "tm:thunder",
        "tm:thunderbolt",
        "tm:thunderpunch",
        "tm:thunderwave",
        "tm:toxic",
        "tm:waterpulse",
        "tm:whirlpool",
        "tm:workup",
        "tm:zenheadbutt",
        "tutor:afteryou",
        "tutor:attract",
        "tutor:bide",
        "tutor:blizzard",
        "tutor:block",
        "tutor:bodyslam",
        "tutor:counter",
        "tutor:curse",
        "tutor:defensecurl",
        "tutor:doubleedge",
        "tutor:doubleteam",
        "tutor:dynamicpunch",
        "tutor:earthquake",
        "tutor:endure",
        "tutor:firepunch",
        "tutor:focuspunch",
        "tutor:frustration",
        "tutor:growl",
        "tutor:headbutt",
        "tutor:healbell",
        "tutor:helpinghand",
        "tutor:hiddenpower",
        "tutor:hyperbeam",
        "tutor:icepunch",
        "tutor:icywind",
        "tutor:ironhead",
        "tutor:irontail",
        "tutor:megakick",
        "tutor:megapunch",
        "tutor:metronome",
        "tutor:milkdrink",
        "tutor:mimic",
        "tutor:mudslap",
        "tutor:present",
        "tutor:protect",
        "tutor:psychup",
        "tutor:raindance",
        "tutor:rest",
        "tutor:return",
        "tutor:reversal",
        "tutor:rockslide",
        "tutor:rocksmash",
        "tutor:rollout",
        "tutor:sandstorm",
        "tutor:seismictoss",
        "tutor:shadowball",
        "tutor:shockwave",
        "tutor:sleeptalk",
        "tutor:snore",
        "tutor:stealthrock",
        "tutor:steelroller",
        "tutor:stomp",
        "tutor:stompingtantrum",
        "tutor:strength",
        "tutor:substitute",
        "tutor:sunnyday",
        "tutor:surf",
        "tutor:swagger",
        "tutor:sweetscent",
        "tutor:tackle",
        "tutor:thunder",
        "tutor:thunderpunch",
        "tutor:thunderwave",
        "tutor:toxic",
        "tutor:waterpulse",
        "tutor:zapcannon",
        "tutor:zenheadbutt"
      ],
      "labels": [
        "gen2"
      ],
      "pokedex": [
        "cobblemon.species.miltank.desc"
      ],
      "aspects": ["mooshtank-brown"],
      "evolutions": [
        {
          "id": "miltank_brown_to_red",
          "variant": "item_interact",
          "result": "miltank mooshtank=red",
          "consumeHeldItem": true,
          "learnableMoves": [],
          "requirements": [
            {
              "variant": "held_item",
              "itemCondition": "minecraft:red_mushroom"
            }
          ],
          "requiredContext": "twilightforest:transformation_powder"
        },
        {
          "id": "miltank_to_normal_brown",
          "variant": "item_interact",
          "result": "miltank mooshtank=false",
          "consumeHeldItem": false,
          "learnableMoves": [],
          "requirements": [],
          "requiredContext": "twilightforest:transformation_powder"
        }
      ],
      "baseScale": 0.75,
      "hitbox": {
        "width": 1.1,
        "height": 2,
        "fixed": false
      },
      "baseFriendship": 50,
      "evYield": {
        "hp": 0,
        "attack": 0,
        "defence": 2,
        "special_attack": 0,
        "special_defence": 0,
        "speed": 0
      },
      "height": 12,
      "weight": 755,
      "cannotDynamax": false
    }
  ],
  "baseExperienceYield": 172,
  "experienceGroup": "slow",
  "eggCycles": 20,
  "features": [
    "milkable"
  ],
  "eggGroups": [
    "field"
  ],
  "drops": {
    "amount": 6,
    "entries": [
      {
        "item": "minecraft:leather",
        "quantityRange": "0-2"
      },
      {
        "item": "minecraft:beef",
        "quantityRange": "1-3"
      },
      {
        "item": "cobblemon:oran_berry",
        "percentage": 5.0
      }
    ]
  },
  "moves": [
    "1:growl",
    "1:tackle",
    "5:rollout",
    "10:defensecurl",
    "15:bide",
    "15:stomp",
    "20:healbell",
    "25:headbutt",
    "30:zenheadbutt",
    "35:captivate",
    "35:milkdrink",
    "40:bodyslam",
    "41:gyroball",
    "45:playrough",
    "50:charm",
    "50:wakeupslap",
    "55:highhorsepower",
    "egg:belch",
    "egg:curse",
    "egg:dizzypunch",
    "egg:doubleedge",
    "egg:endure",
    "egg:focuspunch",
    "egg:hammerarm",
    "egg:heartstamp",
    "egg:helpinghand",
    "egg:naturalgift",
    "egg:present",
    "egg:psychup",
    "egg:punishment",
    "egg:reversal",
    "egg:seismictoss",
    "egg:sleeptalk",
    "tm:attract",
    "tm:blizzard",
    "tm:bodypress",
    "tm:bodyslam",
    "tm:brickbreak",
    "tm:bulldoze",
    "tm:captivate",
    "tm:charm",
    "tm:confide",
    "tm:doubleteam",
    "tm:earthquake",
    "tm:echoedvoice",
    "tm:endure",
    "tm:facade",
    "tm:firepunch",
    "tm:fling",
    "tm:focusblast",
    "tm:focuspunch",
    "tm:frustration",
    "tm:gigaimpact",
    "tm:gyroball",
    "tm:heavyslam",
    "tm:helpinghand",
    "tm:hiddenpower",
    "tm:highhorsepower",
    "tm:hyperbeam",
    "tm:icebeam",
    "tm:icepunch",
    "tm:icywind",
    "tm:ironhead",
    "tm:irontail",
    "tm:megakick",
    "tm:megapunch",
    "tm:metronome",
    "tm:naturalgift",
    "tm:playrough",
    "tm:poweruppunch",
    "tm:protect",
    "tm:psychup",
    "tm:raindance",
    "tm:rest",
    "tm:retaliate",
    "tm:return",
    "tm:reversal",
    "tm:rockslide",
    "tm:rocksmash",
    "tm:rocktomb",
    "tm:round",
    "tm:sandstorm",
    "tm:secretpower",
    "tm:shadowball",
    "tm:shockwave",
    "tm:sleeptalk",
    "tm:snore",
    "tm:solarbeam",
    "tm:stealthrock",
    "tm:stompingtantrum",
    "tm:strength",
    "tm:substitute",
    "tm:sunnyday",
    "tm:surf",
    "tm:swagger",
    "tm:thunder",
    "tm:thunderbolt",
    "tm:thunderpunch",
    "tm:thunderwave",
    "tm:toxic",
    "tm:waterpulse",
    "tm:whirlpool",
    "tm:workup",
    "tm:zenheadbutt",
    "tutor:afteryou",
    "tutor:attract",
    "tutor:bide",
    "tutor:blizzard",
    "tutor:block",
    "tutor:bodyslam",
    "tutor:counter",
    "tutor:curse",
    "tutor:defensecurl",
    "tutor:doubleedge",
    "tutor:doubleteam",
    "tutor:dynamicpunch",
    "tutor:earthquake",
    "tutor:endure",
    "tutor:firepunch",
    "tutor:focuspunch",
    "tutor:frustration",
    "tutor:growl",
    "tutor:headbutt",
    "tutor:healbell",
    "tutor:helpinghand",
    "tutor:hiddenpower",
    "tutor:hyperbeam",
    "tutor:icepunch",
    "tutor:icywind",
    "tutor:ironhead",
    "tutor:irontail",
    "tutor:megakick",
    "tutor:megapunch",
    "tutor:metronome",
    "tutor:milkdrink",
    "tutor:mimic",
    "tutor:mudslap",
    "tutor:present",
    "tutor:protect",
    "tutor:psychup",
    "tutor:raindance",
    "tutor:rest",
    "tutor:return",
    "tutor:reversal",
    "tutor:rockslide",
    "tutor:rocksmash",
    "tutor:rollout",
    "tutor:sandstorm",
    "tutor:seismictoss",
    "tutor:shadowball",
    "tutor:shockwave",
    "tutor:sleeptalk",
    "tutor:snore",
    "tutor:stealthrock",
    "tutor:steelroller",
    "tutor:stomp",
    "tutor:stompingtantrum",
    "tutor:strength",
    "tutor:substitute",
    "tutor:sunnyday",
    "tutor:surf",
    "tutor:swagger",
    "tutor:sweetscent",
    "tutor:tackle",
    "tutor:thunder",
    "tutor:thunderpunch",
    "tutor:thunderwave",
    "tutor:toxic",
    "tutor:waterpulse",
    "tutor:zapcannon",
    "tutor:zenheadbutt"
  ],
  "labels": [
    "gen2"
  ],
  "pokedex": [
    "cobblemon.species.miltank.desc"
  ],
  "evolutions": [
    {
      "id": "miltank_to_red",
      "variant": "item_interact",
      "result": "miltank mooshtank=red",
      "consumeHeldItem": true,
      "learnableMoves": [],
      "requirements": [
        {
          "variant": "held_item",
          "itemCondition": "minecraft:red_mushroom"
        }
      ],
      "requiredContext": "twilightforest:transformation_powder"
    },
    {
      "id": "miltank_to_brown",
      "variant": "item_interact",
      "result": "miltank mooshtank=brown",
      "consumeHeldItem": true,
      "learnableMoves": [],
      "requirements": [
        {
          "variant": "held_item",
          "itemCondition": "minecraft:brown_mushroom"
        }
      ],
      "requiredContext": "twilightforest:transformation_powder"
    }
  ],
  "baseScale": 0.75,
  "hitbox": {
    "width": 1.1,
    "height": 2,
    "fixed": false
  },
  "baseFriendship": 50,
  "evYield": {
    "hp": 0,
    "attack": 0,
    "defence": 2,
    "special_attack": 0,
    "special_defence": 0,
    "speed": 0
  },
  "height": 12,
  "weight": 755,
  "aspects": ["mooshtank-false"],
  "cannotDynamax": false
}