{
  "implemented": true,
  "name": "Misdreavus",
  "nationalPokedexNumber": 200,
  "primaryType": "ghost",
  "abilities": [
    "levitate"
  ],
  "baseStats": {
    "hp": 60,
    "attack": 60,
    "defence": 60,
    "special_attack": 85,
    "special_defence": 85,
    "speed": 85
  },
  "catchRate": 45,
  "maleRatio": 0.5,
  "shoulderMountable": false,
  "baseExperienceYield": 87,
  "experienceGroup": "fast",
  "eggCycles": 25,
  "eggGroups": [
    "amorphous"
  ],
  "drops": {
    "amount": 7,
    "entries": [
      {
        "item": "twilightforest:red_thread",
        "quantityRange": "1-5"
      },
      {
        "item": "cobblemon:spell_tag",
        "percentage": 2.5
      },
      {
        "item": "cobblemon:kasib_berry",
        "percentage": 2.5
      }
    ]
  },
  "moves": [
    "1:confusion",
    "1:growl",
    "1:psywave",
    "5:spite",
    "10:astonish",
    "14:confuseray",
    "19:meanlook",
    "23:hex",
    "28:psybeam",
    "32:painsplit",
    "37:payback",
    "41:shadowball",
    "46:perishsong",
    "50:grudge",
    "50:powergem",
    "egg:curse",
    "egg:destinybond",
    "egg:imprison",
    "egg:mefirst",
    "egg:memento",
    "egg:nastyplot",
    "egg:ominouswind",
    "egg:psychup",
    "egg:screech",
    "egg:shadowsneak",
    "egg:skillswap",
    "egg:spite",
    "egg:suckerpunch",
    "egg:wonderroom",
    "tm:aerialace",
    "tm:attract",
    "tm:calmmind",
    "tm:captivate",
    "tm:chargebeam",
    "tm:charm",
    "tm:confide",
    "tm:confuseray",
    "tm:darkpulse",
    "tm:dazzlinggleam",
    "tm:doubleteam",
    "tm:drainingkiss",
    "tm:dreameater",
    "tm:echoedvoice",
    "tm:embargo",
    "tm:endure",
    "tm:energyball",
    "tm:facade",
    "tm:faketears",
    "tm:flash",
    "tm:foulplay",
    "tm:frustration",
    "tm:gigaimpact",
    "tm:grassknot",
    "tm:helpinghand",
    "tm:hex",
    "tm:hiddenpower",
    "tm:hyperbeam",
    "tm:hypervoice",
    "tm:icywind",
    "tm:imprison",
    "tm:magicalleaf",
    "tm:nastyplot",
    "tm:naturalgift",
    "tm:nightshade",
    "tm:payback",
    "tm:phantomforce",
    "tm:powergem",
    "tm:protect",
    "tm:psybeam",
    "tm:psychic",
    "tm:psychup",
    "tm:psyshock",
    "tm:raindance",
    "tm:rest",
    "tm:return",
    "tm:round",
    "tm:scaryface",
    "tm:secretpower",
    "tm:shadowball",
    "tm:shockwave",
    "tm:skillswap",
    "tm:sleeptalk",
    "tm:snatch",
    "tm:snowscape",
    "tm:storedpower",
    "tm:substitute",
    "tm:sunnyday",
    "tm:swagger",
    "tm:swift",
    "tm:taunt",
    "tm:telekinesis",
    "tm:terablast",
    "tm:thief",
    "tm:thunder",
    "tm:thunderbolt",
    "tm:thunderwave",
    "tm:torment",
    "tm:toxic",
    "tm:trick",
    "tm:trickroom",
    "tm:willowisp",
    "tutor:allyswitch",
    "tutor:attract",
    "tutor:confuseray",
    "tutor:curse",
    "tutor:darkpulse",
    "tutor:defensecurl",
    "tutor:destinybond",
    "tutor:doubleedge",
    "tutor:doubleteam",
    "tutor:dreameater",
    "tutor:endure",
    "tutor:flash",
    "tutor:foulplay",
    "tutor:frustration",
    "tutor:growl",
    "tutor:headbutt",
    "tutor:healbell",
    "tutor:hiddenpower",
    "tutor:hypervoice",
    "tutor:icywind",
    "tutor:inferno",
    "tutor:magiccoat",
    "tutor:magicroom",
    "tutor:meanlook",
    "tutor:mimic",
    "tutor:nightmare",
    "tutor:ominouswind",
    "tutor:painsplit",
    "tutor:perishsong",
    "tutor:protect",
    "tutor:psybeam",
    "tutor:psychic",
    "tutor:psychup",
    "tutor:psywave",
    "tutor:raindance",
    "tutor:rest",
    "tutor:return",
    "tutor:screech",
    "tutor:shadowball",
    "tutor:shockwave",
    "tutor:skillswap",
    "tutor:sleeptalk",
    "tutor:snatch",
    "tutor:snore",
    "tutor:spite",
    "tutor:substitute",
    "tutor:suckerpunch",
    "tutor:sunnyday",
    "tutor:swagger",
    "tutor:swift",
    "tutor:telekinesis",
    "tutor:thief",
    "tutor:thunder",
    "tutor:thunderwave",
    "tutor:toxic",
    "tutor:trick",
    "tutor:uproar",
    "tutor:wonderroom",
    "tutor:zapcannon"
  ],
  "labels": [
    "gen2"
  ],
  "pokedex": [
    "cobblemon.species.misdreavus.desc"
  ],
  "evolutions": [
    {
      "id": "misdreavus_mismagius",
      "variant": "item_interact",
      "result": "mismagius",
      "consumeHeldItem": false,
      "learnableMoves": [],
      "requirements": [],
      "requiredContext": "cobblemon:dusk_stone"
    }
  ],
  "baseScale": 0.8,
  "hitbox": {
    "width": 1.1,
    "height": 1.2,
    "fixed": false
  },
  "baseFriendship": 35,
  "evYield": {
    "hp": 0,
    "attack": 0,
    "defence": 0,
    "special_attack": 0,
    "special_defence": 1,
    "speed": 0
  },
  "height": 7,
  "weight": 10,
  "aspects": [],
  "cannotDynamax": false
}