{
  "implemented": true,
  "name": "Lilligant",
  "nationalPokedexNumber": 549,
  "primaryType": "grass",
  "abilities": [
    "chlorophyll",
    "owntempo",
    "h:leafguard"
  ],
  "drops": {
    "amount": 3,
    "entries": [
      {
        "item": "cobblemon:revival_herb",
        "percentage": 50.0
      },
      {
        "item": "cobblemon:big_root",
        "percentage": 5.0
      },
      {
        "item": "cobblemon:persim_berry",
        "percentage": 5.0
      }
    ]
  },
  "baseStats": {
    "hp": 70,
    "attack": 60,
    "defence": 75,
    "special_attack": 110,
    "special_defence": 75,
    "speed": 90
  },
  "features": [
    "hisuian"
  ],
  "catchRate": 75,
  "maleRatio": 0,
  "shoulderMountable": false,
  "forms": [
    {
      "name": "Hisui",
      "primaryType": "grass",
      "secondaryType": "fighting",
      "abilities": [
        "chlorophyll",
        "hustle",
        "h:leafguard"
      ],
      "baseStats": {
        "hp": 70,
        "attack": 105,
        "defence": 75,
        "special_attack": 50,
        "special_defence": 75,
        "speed": 105
      },
      "catchRate": 75,
      "maleRatio": 0,
      "baseExperienceYield": 168,
      "baseFriendship": 50,
      "evYield": {
        "hp": 0,
        "attack": 0,
        "defence": 0,
        "special_attack": 2,
        "special_defence": 0,
        "speed": 0
      },
      "experienceGroup": "medium_fast",
      "eggCycles": 20,
      "eggGroups": [
        "grass"
      ],
      "moves": [
        "1:absorb",
        "1:afteryou",
        "1:defog",
        "1:energyball",
        "1:entrainment",
        "1:gigadrain",
        "1:growth",
        "1:helpinghand",
        "1:leafblade",
        "1:leafstorm",
        "1:leechseed",
        "1:magicalleaf",
        "1:megadrain",
        "1:megakick",
        "1:petalblizzard",
        "1:sleeppowder",
        "1:solarblade",
        "1:stunspore",
        "1:sunnyday",
        "1:synthesis",
        "1:teeterdance",
        "5:axekick",
        "tm:acrobatics",
        "tm:aerialace",
        "tm:airslash",
        "tm:brickbreak",
        "tm:bulletseed",
        "tm:charm",
        "tm:closecombat",
        "tm:coaching",
        "tm:encore",
        "tm:endure",
        "tm:energyball",
        "tm:facade",
        "tm:gigadrain",
        "tm:gigaimpact",
        "tm:grassknot",
        "tm:grassyglide",
        "tm:grassyterrain",
        "tm:helpinghand",
        "tm:hurricane",
        "tm:hyperbeam",
        "tm:icespinner",
        "tm:leafstorm",
        "tm:lowkick",
        "tm:lowsweep",
        "tm:magicalleaf",
        "tm:metronome",
        "tm:petalblizzard",
        "tm:poisonjab",
        "tm:pollenpuff",
        "tm:protect",
        "tm:psychup",
        "tm:raindance",
        "tm:rest",
        "tm:seedbomb",
        "tm:sleeptalk",
        "tm:solarbeam",
        "tm:solarblade",
        "tm:substitute",
        "tm:sunnyday",
        "tm:swordsdance",
        "tm:takedown",
        "tm:terablast",
        "tm:trailblaze",
        "tm:tripleaxel",
        "tm:upperhand",
        "tm:vacuumwave",
        "tm:weatherball"
      ],
      "labels": [
        "gen8",
        "hisui_regional"
      ],
      "aspects": [
        "hisuian"
      ],
      "baseScale": 0.8,
      "hitbox": {
        "width": 0.5,
        "height": 2.1,
        "fixed": false
      },
      "height": 12,
      "weight": 192,
      "preEvolution": "petilil region_bias=hisui",
      "evolutions": [
        {
          "id": "lilligant_twilight_to_normal",
          "variant": "item_interact",
          "result": "lilligant hisuian=false",
          "consumeHeldItem": false,
          "learnableMoves": [],
          "requirements": [],
          "requiredContext": "twilightforest:transformation_powder"
        }
      ],
      "cannotDynamax": false,
      "battleOnly": false,
      "drops": {
        "amount": 2,
        "entries": [
          {
            "item": "cobblemon:revival_herb",
            "percentage": 5.0
          },
          {
            "item": "cobblemon:coba_berry",
            "percentage": 5.0
          }
        ]
      }
    }
  ],
  "baseExperienceYield": 168,
  "experienceGroup": "medium_fast",
  "eggCycles": 20,
  "eggGroups": [
    "grass"
  ],
  "moves": [
    "1:absorb",
    "1:afteryou",
    "1:aromatherapy",
    "1:charm",
    "1:energyball",
    "1:entrainment",
    "1:gigadrain",
    "1:growth",
    "1:helpinghand",
    "1:leafstorm",
    "1:leechseed",
    "1:megadrain",
    "1:petalblizzard",
    "1:quiverdance",
    "1:sleeppowder",
    "1:stunspore",
    "1:sunnyday",
    "1:synthesis",
    "1:teeterdance",
    "5:magicalleaf",
    "46:petaldance",
    "tm:alluringvoice",
    "tm:attract",
    "tm:bulletseed",
    "tm:charm",
    "tm:confide",
    "tm:cut",
    "tm:doubleteam",
    "tm:dreameater",
    "tm:encore",
    "tm:endure",
    "tm:energyball",
    "tm:facade",
    "tm:flash",
    "tm:frustration",
    "tm:gigadrain",
    "tm:gigaimpact",
    "tm:grassknot",
    "tm:grassyglide",
    "tm:grassyterrain",
    "tm:helpinghand",
    "tm:hiddenpower",
    "tm:hyperbeam",
    "tm:leafblade",
    "tm:leafstorm",
    "tm:lightscreen",
    "tm:magicalleaf",
    "tm:naturepower",
    "tm:petalblizzard",
    "tm:pollenpuff",
    "tm:protect",
    "tm:psychup",
    "tm:rest",
    "tm:return",
    "tm:round",
    "tm:safeguard",
    "tm:secretpower",
    "tm:seedbomb",
    "tm:sleeptalk",
    "tm:snore",
    "tm:solarbeam",
    "tm:solarblade",
    "tm:substitute",
    "tm:sunnyday",
    "tm:swagger",
    "tm:swordsdance",
    "tm:terablast",
    "tm:toxic",
    "tm:trailblaze",
    "tm:weatherball",
    "tutor:afteryou",
    "tutor:covet",
    "tutor:gigadrain",
    "tutor:grassyglide",
    "tutor:healbell",
    "tutor:helpinghand",
    "tutor:laserfocus",
    "tutor:roleplay",
    "tutor:seedbomb",
    "tutor:sleeptalk",
    "tutor:snore",
    "tutor:synthesis",
    "tutor:worryseed"
  ],
  "labels": [
    "gen5",
    "unova_regional"
  ],
  "pokedex": [
    "cobblemon.species.lilligant.desc"
  ],
  "preEvolution": "petilil",
  "evolutions": [
    {
      "id": "lilligant_to_twilight",
      "variant": "item_interact",
      "result": "lilligant hisuian=true",
      "consumeHeldItem": false,
      "learnableMoves": [],
      "requirements": [],
      "requiredContext": "twilightforest:transformation_powder"
    }
  ],
  "baseScale": 0.6,
  "hitbox": {
    "width": 1.1,
    "height": 2.3,
    "fixed": false
  },
  "baseFriendship": 50,
  "evYield": {
    "hp": 0,
    "attack": 0,
    "defence": 0,
    "special_attack": 2,
    "special_defence": 0,
    "speed": 0
  },
  "height": 11,
  "weight": 163,
  "aspects": [],
  "cannotDynamax": false
}
