{
  "implemented": true,
  "name": "Petilil",
  "nationalPokedexNumber": 548,
  "primaryType": "grass",
  "abilities": [
    "chlorophyll",
    "owntempo",
    "h:leafguard"
  ],
  "drops": {
    "amount": 3,
    "entries": [
      {
        "item": "cobblemon:revival_herb",
        "percentage": 2.5
      },
      {
        "item": "cobblemon:persim_berry",
        "percentage": 2.5
      },
      {
        "item": "cobblemon:absorb_bulb",
        "percentage": 2.5
      }
    ]
  },
  "baseStats": {
    "hp": 45,
    "attack": 35,
    "defence": 50,
    "special_attack": 70,
    "special_defence": 50,
    "speed": 30
  },
  "behaviour": {
    "moving": {
      "walk": {
        "walkSpeed": 0.14
      }
    },
    "resting": {
      "canSleep": true,
      "willSleepOnBed": true,
      "depth": "normal",
      "light": "0-4"
    }
  },
  "features": [ "region_bias" ],
  "forms": [
    {
      "name": "Hisui Bias",
      "primaryType": "grass",
      "abilities": [
        "chlorophyll",
        "owntempo",
        "h:leafguard"
      ],
      "drops": {
        "amount": 3,
        "entries": [
          {
            "item": "cobblemon:revival_herb",
            "percentage": 25.0
          },
          {
            "item": "cobblemon:big_root",
            "percentage": 2.5
          },
          {
            "item": "cobblemon:persim_berry",
            "percentage": 2.5
          }
        ]
      },
      "baseStats": {
        "hp": 45,
        "attack": 35,
        "defence": 50,
        "special_attack": 70,
        "special_defence": 50,
        "speed": 30
      },
      "catchRate": 190,
      "maleRatio": 0,
      "shoulderMountable": false,
      "baseExperienceYield": 56,
      "experienceGroup": "medium_fast",
      "eggCycles": 20,
      "eggGroups": [
        "grass"
      ],
      "moves": [
        "1:absorb",
        "1:growth",
        "3:helpinghand",
        "6:stunspore",
        "9:megadrain",
        "12:aromatherapy",
        "12:charm",
        "15:magicalleaf",
        "18:sleeppowder",
        "21:gigadrain",
        "24:leechseed",
        "27:afteryou",
        "30:energyball",
        "33:synthesis",
        "36:sunnyday",
        "39:entrainment",
        "42:leafstorm",
        "egg:bide",
        "egg:charm",
        "egg:encore",
        "egg:endure",
        "egg:grasswhistle",
        "egg:healingwish",
        "egg:ingrain",
        "egg:naturalgift",
        "egg:sweetscent",
        "egg:worryseed",
        "tm:attract",
        "tm:bulletseed",
        "tm:charm",
        "tm:confide",
        "tm:cut",
        "tm:doubleteam",
        "tm:dreameater",
        "tm:encore",
        "tm:endure",
        "tm:energyball",
        "tm:facade",
        "tm:flash",
        "tm:frustration",
        "tm:gigadrain",
        "tm:grassknot",
        "tm:grassyglide",
        "tm:helpinghand",
        "tm:hiddenpower",
        "tm:leafstorm",
        "tm:magicalleaf",
        "tm:naturepower",
        "tm:pollenpuff",
        "tm:protect",
        "tm:rest",
        "tm:return",
        "tm:round",
        "tm:safeguard",
        "tm:secretpower",
        "tm:seedbomb",
        "tm:sleeptalk",
        "tm:snore",
        "tm:solarbeam",
        "tm:substitute",
        "tm:sunnyday",
        "tm:swagger",
        "tm:terablast",
        "tm:toxic",
        "tm:trailblaze",
        "tutor:afteryou",
        "tutor:charm",
        "tutor:covet",
        "tutor:gigadrain",
        "tutor:grassyglide",
        "tutor:healbell",
        "tutor:helpinghand",
        "tutor:laserfocus",
        "tutor:seedbomb",
        "tutor:sleeppowder",
        "tutor:sleeptalk",
        "tutor:snore",
        "tutor:sweetscent",
        "tutor:synthesis",
        "tutor:worryseed"
      ],
      "labels": [
        "gen5",
        "hisui_regional"
      ],
      "evolutions": [
        {
          "id": "hisui_petilil_lilligant",
          "variant": "item_interact",
          "result": "lilligant",
          "consumeHeldItem": false,
          "learnableMoves": [
            "petaldance"
          ],
          "requirements": [
            {
              "variant": "biome",
              "biomeCondition": "#cobblemon:evolution/lilligant_unovan"
            },
            {
              "variant": "biome",
              "biomeAnticondition": "#cobblemon:is_hills"
            },
            {
              "variant": "biome",
              "biomeAnticondition": "#cobblemon:is_freezing"
            },
            {
              "variant": "biome",
              "biomeAnticondition": "#cobblemon:is_spooky"
            }
          ],
          "requiredContext": "cobblemon:sun_stone"
        },
        {
          "id": "hisui_petilil_hisui_lilligant",
          "variant": "item_interact",
          "result": "lilligant hisuian",
          "consumeHeldItem": false,
          "learnableMoves": [
            "victorydance"
          ],
          "requirements": [],
          "requiredContext": "cobblemon:sun_stone"
        }
      ],
      "baseScale": 0.5,
      "hitbox": {
        "width": 0.7,
        "height": 1,
        "fixed": false
      },
      "baseFriendship": 50,
      "evYield": {
        "hp": 0,
        "attack": 0,
        "defence": 0,
        "special_attack": 1,
        "special_defence": 0,
        "speed": 0
      },
      "height": 5,
      "weight": 66,
      "aspects": ["region-bias-hisui"],
      "cannotDynamax": false
    }
  ],
  "catchRate": 190,
  "maleRatio": 0,
  "shoulderMountable": false,
  "baseExperienceYield": 56,
  "experienceGroup": "medium_fast",
  "eggCycles": 20,
  "eggGroups": [
    "grass"
  ],
  "moves": [
    "1:absorb",
    "1:growth",
    "3:helpinghand",
    "6:stunspore",
    "9:megadrain",
    "12:aromatherapy",
    "12:charm",
    "15:magicalleaf",
    "18:sleeppowder",
    "21:gigadrain",
    "24:leechseed",
    "27:afteryou",
    "30:energyball",
    "33:synthesis",
    "36:sunnyday",
    "39:entrainment",
    "42:leafstorm",
    "egg:bide",
    "egg:charm",
    "egg:encore",
    "egg:endure",
    "egg:grasswhistle",
    "egg:healingwish",
    "egg:ingrain",
    "egg:naturalgift",
    "egg:sweetscent",
    "egg:worryseed",
    "tm:attract",
    "tm:bulletseed",
    "tm:charm",
    "tm:confide",
    "tm:cut",
    "tm:doubleteam",
    "tm:dreameater",
    "tm:encore",
    "tm:endure",
    "tm:energyball",
    "tm:facade",
    "tm:flash",
    "tm:frustration",
    "tm:gigadrain",
    "tm:grassknot",
    "tm:grassyglide",
    "tm:helpinghand",
    "tm:hiddenpower",
    "tm:leafstorm",
    "tm:magicalleaf",
    "tm:naturepower",
    "tm:pollenpuff",
    "tm:protect",
    "tm:rest",
    "tm:return",
    "tm:round",
    "tm:safeguard",
    "tm:secretpower",
    "tm:seedbomb",
    "tm:sleeptalk",
    "tm:snore",
    "tm:solarbeam",
    "tm:substitute",
    "tm:sunnyday",
    "tm:swagger",
    "tm:terablast",
    "tm:toxic",
    "tm:trailblaze",
    "tutor:afteryou",
    "tutor:charm",
    "tutor:covet",
    "tutor:gigadrain",
    "tutor:grassyglide",
    "tutor:healbell",
    "tutor:helpinghand",
    "tutor:laserfocus",
    "tutor:seedbomb",
    "tutor:sleeppowder",
    "tutor:sleeptalk",
    "tutor:snore",
    "tutor:sweetscent",
    "tutor:synthesis",
    "tutor:worryseed"
  ],
  "labels": [
    "gen5"
  ],
  "pokedex": [
    "cobblemon.species.petilil.desc"
  ],
  "evolutions": [
    {
      "id": "petilil_hisui_lilligant",
      "variant": "item_interact",
      "result": "lilligant hisuian",
      "consumeHeldItem": false,
      "learnableMoves": [
        "victorydance"
      ],
      "requirements": [
        {
          "variant": "biome",
          "biomeCondition": "#cobblemon:is_hills"
        },
        {
          "variant": "biome",
          "biomeAnitcondition": "#cobblemon:is_arid"
        },
        {
          "variant": "biome",
          "biomeAnitcondition": "#cobblemon:is_freezing"
        },
        {
          "variant": "biome",
          "biomeAnitcondition": "#cobblemon:is_spooky"
        }
      ],
      "requiredContext": "cobblemon:sun_stone"
    },
    {
      "id": "petilil_lilligant",
      "variant": "item_interact",
      "result": "lilligant",
      "consumeHeldItem": false,
      "learnableMoves": [
        "petaldance"
      ],
      "requirements": [],
      "requiredContext": "cobblemon:sun_stone"
    }
  ],
  "baseScale": 0.5,
  "hitbox": {
    "width": 0.7,
    "height": 1,
    "fixed": false
  },
  "baseFriendship": 50,
  "evYield": {
    "hp": 0,
    "attack": 0,
    "defence": 0,
    "special_attack": 1,
    "special_defence": 0,
    "speed": 0
  },
  "height": 5,
  "weight": 66,
  "aspects": [],
  "cannotDynamax": false
}
