{
    "enabled": true,
    "neededInstalledMods": [],
    "neededUninstalledMods": [],
    "spawns": [
        {
            "id": "tropius-twilight-1",
            "pokemon": "tropius twilight",
            "presets": [
                "natural"
            ],
            "type": "pokemon",
            "context": "grounded",
            "bucket": "rare",
            "level": "4-20",
            "weight": 10.0,
            "condition": {
                "biomes": [
                    "twilightforest:forest",
                    "twilightforest:firefly_forest"
                ]
            }
        },
        {
            "id": "tropius-twilight-2",
            "pokemon": "tropius twilight",
            "presets": [
                "natural"
            ],
            "type": "pokemon",
            "context": "grounded",
            "bucket": "uncommon",
            "level": "4-20",
            "weight": 20.0,
            "condition": {
                "biomes": [
                    "twilightforest:dense_forest"
                ]
            }
        }
    ]
}