{
    "enabled": "true",
    "neededInstalledMods": [],
    "neededUninstalledMods": [],
    "spawns": [
        {
            "id": "sawsbuck-twilight-1",
            "pokemon": "sawsbuck twilight",
            "presets": [
                "natural"
            ],
            "type": "pokemon",
            "context": "grounded",
            "bucket": "uncommon",
            "level": "15-30",
            "weight": 10.0,
            "condition": {
                "biomes": [
                    "#cobblemon:is_twilight_forest",
                    "twilightforest:oak_savannah"
                ]
            }
        }
    ]
}