{
  "target": "cobblemon:fidough",
  "implemented": true,
  "name": "Fidough",
  "forms": [
    {
      "implemented": true,
      "name": "Twilight",
      "nationalPokedexNumber": 926,
      "primaryType": "ghost",
      "secondaryType": "normal",
      "abilities": [
        "voltabsorb",
        "h:aromaveil"
      ],
      "drops": {
        "amount": 2,
        "entries": [
          {
            "item": "twilightforest:experiment_115",
            "quantityRange": "1-2"
          }
        ]
      },
      "baseStats": {
        "hp": 37,
        "attack": 55,
        "defence": 70,
        "special_attack": 30,
        "special_defence": 55,
        "speed": 65
      },
      "catchRate": 190,
      "maleRatio": 0.5,
      "baseExperienceYield": 62,
      "baseFriendship": 50,
      "evYield": {
        "hp": 0,
        "attack": 0,
        "defence": 0,
        "special_attack": 0,
        "special_defence": 0,
        "speed": 1
      },
      "experienceGroup": "medium_slow",
      "eggCycles": 20,
      "eggGroups": [
        "field",
        "mineral"
      ],
      "moves": [
        "1:growl",
        "1:tackle",
        "3:lick",
        "6:tailwhip",
        "8:covet",
        "11:bite",
        "15:curse",
        "18:shadowclaw",
        "22:workup",
        "26:batonpass",
        "30:roar",
        "33:doubleedge",
        "36:acidarmor",
        "40:crunch",
        "45:lastresort",
        "50:destinybond",
        "egg:copycat",
        "egg:howl",
        "egg:sweetscent",
        "egg:wish",
        "egg:yawn",
        "tm:agility",
        "tm:batonpass",
        "tm:bodyslam",
        "tm:charm",
        "tm:crunch",
        "tm:dazzlinggleam",
        "tm:dig",
        "tm:endure",
        "tm:facade",
        "tm:firefang",
        "tm:helpinghand",
        "tm:icefang",
        "tm:mistyterrain",
        "tm:mudshot",
        "tm:mudslap",
        "tm:playrough",
        "tm:protect",
        "tm:psychicfangs",
        "tm:raindance",
        "tm:rest",
        "tm:sleeptalk",
        "tm:snarl",
        "tm:stompingtantrum",
        "tm:substitute",
        "tm:sunnyday",
        "tm:takedown",
        "tm:terablast",
        "tm:thunderfang",
        "tm:trailblaze"
      ],
      "behaviour": {
        "moving": {
          "walk": {
            "walkSpeed": 0.3
          }
        },
        "resting": {
          "canSleep": true,
          "willSleepOnBed": true,
          "depth": "normal",
          "light": "0-4"
        }
      },
      "baseScale": 0.5,
      "hitbox": {
        "width": 1.1,
        "height": 1,
        "fixed": false
      },
      "labels": [
        "gen9"
      ],
      "aspects": ["twilight"],
      "height": 3,
      "weight": 109,
      "evolutions": [
        {
          "id": "fidough_dachsbun_twilight",
          "variant": "level_up",
          "result": "dachsbun twilight",
          "consumeHeldItem": false,
          "learnableMoves": [],
          "requirements": [
            {
              "variant": "level",
              "minLevel": 26
            }
          ]
        },
        {
          "id": "fidough_twilight_to_normal",
          "variant": "item_interact",
          "result": "fidough twilight=false",
          "consumeHeldItem": false,
          "learnableMoves": [],
          "requirements": [],
          "requiredContext": "twilightforest:transformation_powder"
        }
      ],
      "cannotDynamax": false,
      "pokedex": [
        "cobblemon.species.fidough.desc"
      ]
    }
  ],
  "evolutions": [
        {
          "id": "fidough_to_twilight",
          "variant": "item_interact",
          "result": "fidough twilight=true",
          "consumeHeldItem": false,
          "learnableMoves": [],
          "requirements": [],
          "requiredContext": "twilightforest:transformation_powder"
        }
      ]
}