{
  "species": "cobblemon:bulbasaur",
  "order": 7,
  "variations": [
    {
      "aspects": ["shadow"],
      "poser": "cobblemon:bulbasaur",
      "model": "cobblemon:bulbasaur.geo",
      "texture": "cobblemon:textures/pokemon/0001_bulbasaur/bulbasaur_shadow.png",
      "layers": [
        {
          "name": "emissive",
          "texture": "cobblemon:textures/pokemon/0001_bulbasaur/bulbasaur_shadow_emissive.png",
          "emissive": true
        }
      ]
    },
    {
      "aspects": [
        "shadow",
        "shiny"
      ],
      "texture": "cobblemon:textures/pokemon/0001_bulbasaur/bulbasaur_shadow_shiny.png"
    }
  ]
}