{
  "implemented": true,
  "name": "Illumise",
  "nationalPokedexNumber": 314,
  "primaryType": "bug",
  "abilities": [
    "oblivious",
    "tintedlens",
    "h:prankster"
  ],
  "drops": {
    "amount": 5,
    "entries": [
      {
        "item": "twilightforest:moonworm",
        "quantityRange": "0-3"
      },
      {
        "item": "cobblemon:bright_powder",
        "percentage": 5.0
      },
      {
        "item": "cobblemon:bluk_berry",
        "percentage": 5.0
      },
      {
        "item": "twilightforest:moonworm_queen",
        "percentage": 5.0
      }
    ]
  },
  "baseStats": {
    "hp": 65,
    "attack": 47,
    "defence": 75,
    "special_attack": 73,
    "special_defence": 85,
    "speed": 85
  },
  "catchRate": 150,
  "maleRatio": 0,
  "shoulderMountable": false,
  "baseExperienceYield": 151,
  "experienceGroup": "fluctuating",
  "eggCycles": 15,
  "eggGroups": [
    "bug",
    "human_like"
  ],
  "behaviour": {
    "moving": {
      "fly": {
        "canFly": true
      },
      "swim": {
        "canWalkOnWater": true
      }
    },
    "resting": {
      "canSleep": true,
      "willSleepOnBed": false,
      "depth": "normal",
      "light": "0-4"
    }
  },
  "moves": [
    "1:playnice",
    "1:tackle",
    "5:sweetscent",
    "9:charm",
    "12:quickattack",
    "15:strugglebug",
    "19:moonlight",
    "22:wish",
    "26:encore",
    "29:flatter",
    "33:zenheadbutt",
    "36:helpinghand",
    "40:bugbuzz",
    "43:playrough",
    "47:covet",
    "50:infestation",
    "egg:aromatherapy",
    "egg:batonpass",
    "egg:bugbuzz",
    "egg:captivate",
    "egg:confuseray",
    "egg:encore",
    "egg:faketears",
    "egg:growth",
    "egg:silverwind",
    "tm:acrobatics",
    "tm:aerialace",
    "tm:attract",
    "tm:brickbreak",
    "tm:captivate",
    "tm:chargebeam",
    "tm:confide",
    "tm:dazzlinggleam",
    "tm:doubleteam",
    "tm:endure",
    "tm:facade",
    "tm:flash",
    "tm:fling",
    "tm:focuspunch",
    "tm:frustration",
    "tm:gigadrain",
    "tm:hiddenpower",
    "tm:infestation",
    "tm:lightscreen",
    "tm:naturalgift",
    "tm:poweruppunch",
    "tm:protect",
    "tm:psychup",
    "tm:raindance",
    "tm:rest",
    "tm:return",
    "tm:roost",
    "tm:round",
    "tm:secretpower",
    "tm:shadowball",
    "tm:shockwave",
    "tm:silverwind",
    "tm:sleeptalk",
    "tm:solarbeam",
    "tm:strugglebug",
    "tm:substitute",
    "tm:sunnyday",
    "tm:swagger",
    "tm:thief",
    "tm:thunder",
    "tm:thunderbolt",
    "tm:thunderwave",
    "tm:toxic",
    "tm:uturn",
    "tm:waterpulse",
    "tutor:aircutter",
    "tutor:bodyslam",
    "tutor:bugbite",
    "tutor:charm",
    "tutor:counter",
    "tutor:covet",
    "tutor:defog",
    "tutor:doubleedge",
    "tutor:dynamicpunch",
    "tutor:endure",
    "tutor:faketears",
    "tutor:focuspunch",
    "tutor:gigadrain",
    "tutor:helpinghand",
    "tutor:icepunch",
    "tutor:megakick",
    "tutor:megapunch",
    "tutor:metronome",
    "tutor:mimic",
    "tutor:mudslap",
    "tutor:ominouswind",
    "tutor:psychup",
    "tutor:roost",
    "tutor:seismictoss",
    "tutor:shockwave",
    "tutor:sleeptalk",
    "tutor:snore",
    "tutor:stringshot",
    "tutor:substitute",
    "tutor:swagger",
    "tutor:swift",
    "tutor:tailwind",
    "tutor:thunderpunch",
    "tutor:thunderwave",
    "tutor:waterpulse",
    "tutor:zenheadbutt"
  ],
  "labels": [
    "gen3"
  ],
  "pokedex": [
    "cobblemon.species.illumise.desc"
  ],
  "evolutions": [],
  "baseScale": 0.7,
  "hitbox": {
    "width": 0.7,
    "height": 1.1,
    "fixed": false
  },
  "baseFriendship": 70,
  "evYield": {
    "hp": 0,
    "attack": 0,
    "defence": 0,
    "special_attack": 0,
    "special_defence": 0,
    "speed": 1
  },
  "height": 6,
  "weight": 177,
  "aspects": [],
  "cannotDynamax": false
}