{
  "implemented": true,
  "name": "Ninjask",
  "nationalPokedexNumber": 291,
  "primaryType": "bug",
  "secondaryType": "flying",
  "abilities": [
    "speedboost",
    "h:infiltrator"
  ],
  "drops": {
    "amount": 2,
    "entries": [
      {
        "item": "twilightforest:cicada"
      },
      {
        "item": "cobblemon:cheri_berry",
        "percentage": 2.5
      }
    ]
  },
  "baseStats": {
    "hp": 61,
    "attack": 90,
    "defence": 45,
    "special_attack": 50,
    "special_defence": 50,
    "speed": 160
  },
  "catchRate": 120,
  "maleRatio": 0.5,
  "shoulderMountable": false,
  "baseExperienceYield": 160,
  "experienceGroup": "erratic",
  "eggCycles": 15,
  "eggGroups": [
    "bug"
  ],
  "behaviour": {
    "moving": {
      "fly": {
        "canFly": true
      }
    },
    "resting": {
      "canSleep": true,
      "willSleepOnBed": false,
      "depth": "normal",
      "light": "0-4"
    }
  },
  "moves": [
    "1:aerialace",
    "1:batonpass",
    "1:dig",
    "1:doubleteam",
    "1:falseswipe",
    "1:furycutter",
    "1:harden",
    "1:leechlife",
    "1:metalclaw",
    "1:mudslap",
    "1:sandattack",
    "1:scratch",
    "1:screech",
    "15:agility",
    "23:absorb",
    "29:bugbite",
    "36:furyswipes",
    "43:mindreader",
    "50:slash",
    "57:swordsdance",
    "64:xscissor",
    "tm:acrobatics",
    "tm:aerialace",
    "tm:agility",
    "tm:airslash",
    "tm:attract",
    "tm:batonpass",
    "tm:bugbuzz",
    "tm:captivate",
    "tm:confide",
    "tm:cut",
    "tm:defog",
    "tm:dig",
    "tm:doubleteam",
    "tm:endure",
    "tm:facade",
    "tm:falseswipe",
    "tm:flash",
    "tm:frustration",
    "tm:gigadrain",
    "tm:gigaimpact",
    "tm:hiddenpower",
    "tm:honeclaws",
    "tm:hyperbeam",
    "tm:leechlife",
    "tm:naturalgift",
    "tm:protect",
    "tm:rest",
    "tm:return",
    "tm:roost",
    "tm:round",
    "tm:sandstorm",
    "tm:screech",
    "tm:secretpower",
    "tm:shadowball",
    "tm:silverwind",
    "tm:sleeptalk",
    "tm:snore",
    "tm:solarbeam",
    "tm:strugglebug",
    "tm:substitute",
    "tm:sunnyday",
    "tm:swagger",
    "tm:swift",
    "tm:swordsdance",
    "tm:thief",
    "tm:toxic",
    "tm:uproar",
    "tm:uturn",
    "tm:xscissor",
    "tutor:aircutter",
    "tutor:bugbite",
    "tutor:defog",
    "tutor:doubleedge",
    "tutor:dualwingbeat",
    "tutor:endure",
    "tutor:furycutter",
    "tutor:gigadrain",
    "tutor:laserfocus",
    "tutor:mimic",
    "tutor:mudslap",
    "tutor:ominouswind",
    "tutor:roost",
    "tutor:skittersmack",
    "tutor:sleeptalk",
    "tutor:snore",
    "tutor:spite",
    "tutor:stringshot",
    "tutor:substitute",
    "tutor:swagger",
    "tutor:swift",
    "tutor:swordsdance",
    "tutor:uproar"
  ],
  "labels": [
    "gen3"
  ],
  "pokedex": [
    "cobblemon.species.ninjask.desc"
  ],
  "preEvolution": "nincada",
  "evolutions": [],
  "baseScale": 0.7,
  "hitbox": {
    "width": 0.7,
    "height": 0.9,
    "fixed": false
  },
  "baseFriendship": 50,
  "evYield": {
    "hp": 0,
    "attack": 0,
    "defence": 0,
    "special_attack": 0,
    "special_defence": 0,
    "speed": 2
  },
  "height": 8,
  "weight": 120,
  "aspects": [],
  "cannotDynamax": false
}