{
  "implemented": true,
  "name": "Sableye",
  "nationalPokedexNumber": 302,
  "primaryType": "dark",
  "secondaryType": "ghost",
  "abilities": [
    "keeneye",
    "stall",
    "h:prankster"
  ],
  "baseStats": {
    "hp": 50,
    "attack": 75,
    "defence": 75,
    "special_attack": 65,
    "special_defence": 65,
    "speed": 50
  },
  "catchRate": 45,
  "maleRatio": 0.5,
  "shoulderMountable": true,
  "forms": [
    {
      "name": "Mega",
      "primaryType": "dark",
      "secondaryType": "ghost",
      "abilities": [
        "magicbounce"
      ],
      "baseStats": {
        "hp": 50,
        "attack": 85,
        "defence": 125,
        "special_attack": 85,
        "special_defence": 115,
        "speed": 20
      },
      "catchRate": 45,
      "maleRatio": 0.5,
      "baseExperienceYield": 133,
      "baseFriendship": 35,
      "evYield": {
        "hp": 0,
        "attack": 1,
        "defence": 1,
        "special_attack": 0,
        "special_defence": 0,
        "speed": 0
      },
      "experienceGroup": "medium_slow",
      "eggCycles": 25,
      "eggGroups": [
        "human_like"
      ],
      "labels": [
        "gen6",
        "mega"
      ],
      "aspects": [
        "mega"
      ],
      "height": 5,
      "weight": 1610,
      "evolutions": [],
      "cannotDynamax": false,
      "battleOnly": true
    }
  ],
  "baseExperienceYield": 133,
  "experienceGroup": "medium_slow",
  "eggCycles": 25,
  "eggGroups": [
    "human_like"
  ],
  "drops": {
    "amount": 5,
    "entries": [
      {
        "item": "minecraft:amethyst_shard",
        "quantityRange": "1-3"
      },
      {
        "item": "twilightforest:charm_of_keeping_1",
        "percentage": 15.0
      },
      {
        "item": "minecraft:diamond",
        "percentage": 5.0
      },
      {
        "item": "cobblemon:roseli_berry",
        "percentage": 5.0
      }
    ]
  },
  "moves": [
    "1:leer",
    "1:scratch",
    "3:astonish",
    "4:foresight",
    "6:confuseray",
    "9:shadowsneak",
    "12:fakeout",
    "15:disable",
    "18:detect",
    "19:feintattack",
    "21:nightshade",
    "24:furyswipes",
    "24:punishment",
    "27:knockoff",
    "30:quash",
    "33:shadowclaw",
    "36:meanlook",
    "39:powergem",
    "42:zenheadbutt",
    "45:shadowball",
    "48:foulplay",
    "egg:captivate",
    "egg:feint",
    "egg:flatter",
    "egg:imprison",
    "egg:meanlook",
    "egg:metalburst",
    "egg:moonlight",
    "egg:nastyplot",
    "egg:psychup",
    "egg:recover",
    "egg:suckerpunch",
    "egg:torment",
    "egg:trick",
    "tm:aerialace",
    "tm:allyswitch",
    "tm:attract",
    "tm:bodyslam",
    "tm:brickbreak",
    "tm:bulkup",
    "tm:calmmind",
    "tm:captivate",
    "tm:confide",
    "tm:confuseray",
    "tm:cut",
    "tm:darkpulse",
    "tm:dazzlinggleam",
    "tm:dig",
    "tm:doubleteam",
    "tm:drainpunch",
    "tm:dreameater",
    "tm:embargo",
    "tm:encore",
    "tm:endure",
    "tm:energyball",
    "tm:facade",
    "tm:firepunch",
    "tm:flash",
    "tm:fling",
    "tm:focuspunch",
    "tm:foulplay",
    "tm:frustration",
    "tm:gigadrain",
    "tm:gigaimpact",
    "tm:gyroball",
    "tm:helpinghand",
    "tm:hex",
    "tm:hiddenpower",
    "tm:honeclaws",
    "tm:hyperbeam",
    "tm:icepunch",
    "tm:icywind",
    "tm:imprison",
    "tm:incinerate",
    "tm:lightscreen",
    "tm:lowkick",
    "tm:lowsweep",
    "tm:megakick",
    "tm:megapunch",
    "tm:metalclaw",
    "tm:metronome",
    "tm:mudshot",
    "tm:mudslap",
    "tm:nastyplot",
    "tm:naturalgift",
    "tm:nightshade",
    "tm:payback",
    "tm:phantomforce",
    "tm:poisonjab",
    "tm:powergem",
    "tm:poweruppunch",
    "tm:protect",
    "tm:psybeam",
    "tm:psychic",
    "tm:psychup",
    "tm:quash",
    "tm:raindance",
    "tm:reflect",
    "tm:rest",
    "tm:retaliate",
    "tm:return",
    "tm:rocksmash",
    "tm:rocktomb",
    "tm:round",
    "tm:secretpower",
    "tm:shadowball",
    "tm:shadowclaw",
    "tm:shockwave",
    "tm:skillswap",
    "tm:sleeptalk",
    "tm:snarl",
    "tm:snatch",
    "tm:snore",
    "tm:substitute",
    "tm:sunnyday",
    "tm:swagger",
    "tm:takedown",
    "tm:taunt",
    "tm:telekinesis",
    "tm:terablast",
    "tm:thief",
    "tm:thunderpunch",
    "tm:thunderwave",
    "tm:torment",
    "tm:toxic",
    "tm:trick",
    "tm:waterpulse",
    "tm:willowisp",
    "tm:wonderroom",
    "tm:xscissor",
    "tm:zenheadbutt",
    "tutor:allyswitch",
    "tutor:bodyslam",
    "tutor:calmmind",
    "tutor:counter",
    "tutor:darkpulse",
    "tutor:doubleedge",
    "tutor:dreameater",
    "tutor:dynamicpunch",
    "tutor:endure",
    "tutor:feintattack",
    "tutor:firepunch",
    "tutor:focuspunch",
    "tutor:foresight",
    "tutor:foulplay",
    "tutor:furycutter",
    "tutor:gravity",
    "tutor:headbutt",
    "tutor:helpinghand",
    "tutor:icepunch",
    "tutor:icywind",
    "tutor:knockoff",
    "tutor:lashout",
    "tutor:leer",
    "tutor:lowkick",
    "tutor:magiccoat",
    "tutor:megakick",
    "tutor:megapunch",
    "tutor:metronome",
    "tutor:mimic",
    "tutor:mudslap",
    "tutor:nightmare",
    "tutor:nightshade",
    "tutor:octazooka",
    "tutor:ominouswind",
    "tutor:painsplit",
    "tutor:poltergeist",
    "tutor:psychup",
    "tutor:recover",
    "tutor:roleplay",
    "tutor:scratch",
    "tutor:seismictoss",
    "tutor:shadowball",
    "tutor:shockwave",
    "tutor:signalbeam",
    "tutor:sleeptalk",
    "tutor:snatch",
    "tutor:snore",
    "tutor:spite",
    "tutor:substitute",
    "tutor:suckerpunch",
    "tutor:swagger",
    "tutor:taunt",
    "tutor:telekinesis",
    "tutor:thunderpunch",
    "tutor:tickle",
    "tutor:trick",
    "tutor:waterpulse",
    "tutor:willowisp",
    "tutor:wonderroom",
    "tutor:zenheadbutt"
  ],
  "labels": [
    "gen3"
  ],
  "pokedex": [
    "cobblemon.species.sableye.desc"
  ],
  "evolutions": [],
  "baseScale": 0.65,
  "hitbox": {
    "width": 0.7,
    "height": 1.2,
    "fixed": false
  },
  "baseFriendship": 35,
  "evYield": {
    "hp": 0,
    "attack": 1,
    "defence": 1,
    "special_attack": 0,
    "special_defence": 0,
    "speed": 0
  },
  "height": 5,
  "weight": 110,
  "aspects": [],
  "cannotDynamax": false
}