{
  "implemented": true,
  "name": "Honchkrow",
  "nationalPokedexNumber": 430,
  "primaryType": "dark",
  "secondaryType": "flying",
  "abilities": [
    "insomnia",
    "superluck",
    "h:moxie"
  ],
  "baseStats": {
    "hp": 100,
    "attack": 125,
    "defence": 52,
    "special_attack": 105,
    "special_defence": 52,
    "speed": 71
  },
  "behaviour": {
    "moving": {
      "fly": {
        "canFly": true
      }
    },
    "resting": {
      "canSleep": true,
      "times": "day"
    }
  },
  "catchRate": 30,
  "maleRatio": 0.5,
  "shoulderMountable": false,
  "baseExperienceYield": 177,
  "experienceGroup": "medium_slow",
  "eggCycles": 20,
  "eggGroups": [
    "flying"
  ],
  "drops": {
    "amount": 5,
    "entries": [
      {
        "item": "twilightforest:raven_feather",
        "quantityRange": "0-3"
      },
      {
        "item": "minecraft:chicken"
      },
      {
        "item": "cobblemon:bluk_berry",
        "percentage": 5.0
      }
    ]
  },
  "moves": [
    "1:astonish",
    "1:haze",
    "1:nightslash",
    "1:pursuit",
    "1:quash",
    "1:suckerpunch",
    "1:wingattack",
    "25:swagger",
    "35:nastyplot",
    "45:foulplay",
    "45:nightslash",
    "55:darkpulse",
    "55:nightslash",
    "65:comeuppance",
    "65:quash",
    "75:darkpulse",
    "tm:acrobatics",
    "tm:aerialace",
    "tm:aircutter",
    "tm:airslash",
    "tm:attract",
    "tm:bravebird",
    "tm:calmmind",
    "tm:captivate",
    "tm:chillingwater",
    "tm:confide",
    "tm:confuseray",
    "tm:darkpulse",
    "tm:defog",
    "tm:doubleteam",
    "tm:dreameater",
    "tm:embargo",
    "tm:endure",
    "tm:facade",
    "tm:fly",
    "tm:foulplay",
    "tm:frustration",
    "tm:gigaimpact",
    "tm:heatwave",
    "tm:helpinghand",
    "tm:hex",
    "tm:hiddenpower",
    "tm:hurricane",
    "tm:hyperbeam",
    "tm:icywind",
    "tm:incinerate",
    "tm:mudslap",
    "tm:nastyplot",
    "tm:naturalgift",
    "tm:nightshade",
    "tm:payback",
    "tm:pluck",
    "tm:protect",
    "tm:psychic",
    "tm:psychup",
    "tm:quash",
    "tm:raindance",
    "tm:rest",
    "tm:retaliate",
    "tm:return",
    "tm:roost",
    "tm:round",
    "tm:scaryface",
    "tm:secretpower",
    "tm:shadowball",
    "tm:sleeptalk",
    "tm:snarl",
    "tm:snatch",
    "tm:steelwing",
    "tm:substitute",
    "tm:sunnyday",
    "tm:swagger",
    "tm:tailwind",
    "tm:takedown",
    "tm:taunt",
    "tm:terablast",
    "tm:thief",
    "tm:thunderwave",
    "tm:torment",
    "tm:toxic",
    "tm:uturn",
    "tutor:aircutter",
    "tutor:darkpulse",
    "tutor:defog",
    "tutor:foulplay",
    "tutor:heatwave",
    "tutor:icywind",
    "tutor:mudslap",
    "tutor:nightslash",
    "tutor:ominouswind",
    "tutor:roost",
    "tutor:skyattack",
    "tutor:sleeptalk",
    "tutor:snatch",
    "tutor:snore",
    "tutor:spite",
    "tutor:suckerpunch",
    "tutor:superpower",
    "tutor:swift",
    "tutor:tailwind",
    "tutor:twister",
    "tutor:uproar"
  ],
  "labels": [
    "gen4"
  ],
  "pokedex": [
    "cobblemon.species.honchkrow.desc"
  ],
  "preEvolution": "murkrow",
  "evolutions": [],
  "baseScale": 1.3,
  "hitbox": {
    "width": 1,
    "height": 1.2,
    "fixed": false
  },
  "baseFriendship": 35,
  "evYield": {
    "hp": 0,
    "attack": 2,
    "defence": 0,
    "special_attack": 0,
    "special_defence": 0,
    "speed": 0
  },
  "height": 9,
  "weight": 273,
  "aspects": [],
  "cannotDynamax": false
}