{
  "implemented": true,
  "name": "Probopass",
  "nationalPokedexNumber": 476,
  "primaryType": "rock",
  "secondaryType": "steel",
  "abilities": [
    "sturdy",
    "magnetpull",
    "h:sandforce"
  ],
  "baseStats": {
    "hp": 60,
    "attack": 55,
    "defence": 145,
    "special_attack": 75,
    "special_defence": 150,
    "speed": 40
  },
  "behaviour": {
    "resting": {
      "canSleep": true,
      "willSleepOnBed": false,
      "depth": "normal",
      "light": "0-4"
    }
  },
  "catchRate": 60,
  "maleRatio": 0.5,
  "shoulderMountable": false,
  "baseExperienceYield": 184,
  "experienceGroup": "medium_fast",
  "eggCycles": 20,
  "eggGroups": [
    "mineral"
  ],
  "moves": [
    "1:block",
    "1:gravity",
    "1:irondefense",
    "1:magnetbomb",
    "1:magneticflux",
    "1:magnetrise",
    "1:tackle",
    "1:triattack",
    "1:wideguard",
    "13:thunderwave",
    "16:rest",
    "18:rockblast",
    "19:spark",
    "22:rockslide",
    "25:powergem",
    "25:spark",
    "25:thunderwave",
    "28:rockblast",
    "31:discharge",
    "31:rockslide",
    "34:sandstorm",
    "37:earthpower",
    "37:sandstorm",
    "40:stoneedge",
    "43:lockon",
    "43:rest",
    "43:zapcannon",
    "49:discharge",
    "49:powergem",
    "55:discharge",
    "55:stoneedge",
    "61:stoneedge",
    "61:zapcannon",
    "67:lockon",
    "67:zapcannon",
    "73:earthpower",
    "73:lockon",
    "79:earthpower",
    "tm:attract",
    "tm:bulldoze",
    "tm:captivate",
    "tm:confide",
    "tm:dazzlinggleam",
    "tm:doubleteam",
    "tm:earthquake",
    "tm:endure",
    "tm:explosion",
    "tm:facade",
    "tm:flashcannon",
    "tm:frustration",
    "tm:gigaimpact",
    "tm:hiddenpower",
    "tm:hyperbeam",
    "tm:naturalgift",
    "tm:protect",
    "tm:rest",
    "tm:return",
    "tm:rockpolish",
    "tm:rockslide",
    "tm:rocksmash",
    "tm:rocktomb",
    "tm:round",
    "tm:sandstorm",
    "tm:secretpower",
    "tm:shockwave",
    "tm:sleeptalk",
    "tm:smackdown",
    "tm:stealthrock",
    "tm:stoneedge",
    "tm:strength",
    "tm:substitute",
    "tm:sunnyday",
    "tm:swagger",
    "tm:taunt",
    "tm:thunder",
    "tm:thunderbolt",
    "tm:thunderwave",
    "tm:torment",
    "tm:toxic",
    "tm:voltswitch",
    "tutor:allyswitch",
    "tutor:ancientpower",
    "tutor:block",
    "tutor:earthpower",
    "tutor:firepunch",
    "tutor:gravity",
    "tutor:headbutt",
    "tutor:icepunch",
    "tutor:irondefense",
    "tutor:ironhead",
    "tutor:magiccoat",
    "tutor:magnetrise",
    "tutor:mudslap",
    "tutor:painsplit",
    "tutor:rollout",
    "tutor:shockwave",
    "tutor:sleeptalk",
    "tutor:snore",
    "tutor:stealthrock",
    "tutor:stompingtantrum",
    "tutor:telekinesis",
    "tutor:thunderpunch"
  ],
  "labels": [
    "gen4"
  ],
  "pokedex": [
    "cobblemon.species.probopass.desc"
  ],
  "preEvolution": "nosepass",
  "evolutions": [],
  "baseScale": 1,
  "hitbox": {
    "width": 1.5,
    "height": 2,
    "fixed": false
  },
  "baseFriendship": 70,
  "evYield": {
    "hp": 0,
    "attack": 0,
    "defence": 1,
    "special_attack": 0,
    "special_defence": 2,
    "speed": 0
  },
  "height": 14,
  "weight": 3400,
  "aspects": [],
  "cannotDynamax": false,
  "drops": {
    "amount": 6,
    "entries": [
      {
        "item": "minecraft:flint",
        "quantityRange": "1-3"
      },
      {
        "item": "twilightforest:ore_magnet",
        "quantityRange": "0-2"
      },
      {
        "item": "cobblemon:hard_stone",
        "percentage": 5.0
      },
      {
        "item": "cobblemon:magnet",
        "percentage": 5.0
      }
    ]
  }
}