{
  "target": "cobblemon:kirlia",
  "implemented": true,
  "name": "Kirlia",
  "forms": [
    {
      "implemented": true,
      "name": "Twilight",
      "nationalPokedexNumber": 281,
      "primaryType": "ghost",
      "secondaryType": "fighting",
      "abilities": [
        "hustle",
        "battlearmor",
        "h:telepathy"
      ],
      "drops": {
        "amount": 4,
        "entries": [
          {
            "item": "twilightforest:armor_shard",
            "quantityRange": "3-4"
          },
          {
            "item": "cobblemon:dawn_stone",
            "percentage": 5.0
          },
          {
            "item": "cobblemon:spell_tag",
            "percentage": 5.0
          },
          {
            "item": "cobblemon:roseli_berry",
            "percentage": 5.0
          }
        ]
      },
      "baseStats": {
        "hp": 38,
        "attack": 65,
        "defence": 55,
        "special_attack": 35,
        "special_defence": 35,
        "speed": 50
      },
      "catchRate": 120,
      "maleRatio": 0.5,
      "shoulderMountable": false,
      "baseExperienceYield": 97,
      "experienceGroup": "slow",
      "eggCycles": 20,
      "eggGroups": [
        "human_like",
        "amorphous"
      ],
      "moves": [
        "1:lowkick",
        "1:astonish",
        "1:focusenergy",
        "1:harden",
        "9:bulkup",
        "12:shadowsneak",
        "14:spite",
        "15:lowsweep",
        "17:headbutt",
        "18:shadowpunch",
        "23:grudge",
        "28:revenge",
        "33:irondefense",
        "33:smartstrike",
        "38:shadowclaw",
        "43:swordsdance",
        "48:submission",
        "51:phantomforce",
        "53:meteormash",
        "tm:allyswitch",
        "tm:attract",
        "tm:bodyslam",
        "tm:calmmind",
        "tm:captivate",
        "tm:chargebeam",
        "tm:charm",
        "tm:confide",
        "tm:confuseray",
        "tm:dazzlinggleam",
        "tm:disarmingvoice",
        "tm:doubleteam",
        "tm:drainingkiss",
        "tm:dreameater",
        "tm:echoedvoice",
        "tm:encore",
        "tm:endure",
        "tm:facade",
        "tm:firepunch",
        "tm:flash",
        "tm:fling",
        "tm:frustration",
        "tm:futuresight",
        "tm:grassknot",
        "tm:helpinghand",
        "tm:hiddenpower",
        "tm:hyperbeam",
        "tm:hypervoice",
        "tm:icepunch",
        "tm:icywind",
        "tm:imprison",
        "tm:lightscreen",
        "tm:magicalleaf",
        "tm:magicroom",
        "tm:megakick",
        "tm:megapunch",
        "tm:metronome",
        "tm:mistyterrain",
        "tm:naturalgift",
        "tm:protect",
        "tm:psybeam",
        "tm:psychic",
        "tm:psychicterrain",
        "tm:psychup",
        "tm:psyshock",
        "tm:raindance",
        "tm:recycle",
        "tm:reflect",
        "tm:rest",
        "tm:return",
        "tm:round",
        "tm:safeguard",
        "tm:secretpower",
        "tm:shadowball",
        "tm:shockwave",
        "tm:skillswap",
        "tm:sleeptalk",
        "tm:snatch",
        "tm:snore",
        "tm:storedpower",
        "tm:substitute",
        "tm:sunnyday",
        "tm:swagger",
        "tm:swift",
        "tm:taunt",
        "tm:telekinesis",
        "tm:terablast",
        "tm:thief",
        "tm:thunderbolt",
        "tm:thunderpunch",
        "tm:thunderwave",
        "tm:torment",
        "tm:toxic",
        "tm:trick",
        "tm:trickroom",
        "tm:willowisp",
        "tm:wonderroom",
        "tm:zenheadbutt",
        "tutor:allyswitch",
        "tutor:bodyslam",
        "tutor:defensecurl",
        "tutor:doubleedge",
        "tutor:dreameater",
        "tutor:endure",
        "tutor:expandingforce",
        "tutor:firepunch",
        "tutor:headbutt",
        "tutor:helpinghand",
        "tutor:hypervoice",
        "tutor:icepunch",
        "tutor:icywind",
        "tutor:magiccoat",
        "tutor:magicroom",
        "tutor:mimic",
        "tutor:mudslap",
        "tutor:nightmare",
        "tutor:painsplit",
        "tutor:psychup",
        "tutor:recycle",
        "tutor:shockwave",
        "tutor:signalbeam",
        "tutor:skillswap",
        "tutor:sleeptalk",
        "tutor:snatch",
        "tutor:snore",
        "tutor:substitute",
        "tutor:swagger",
        "tutor:swift",
        "tutor:telekinesis",
        "tutor:thunderpunch",
        "tutor:thunderwave",
        "tutor:trick",
        "tutor:tripleaxel",
        "tutor:wonderroom",
        "tutor:zenheadbutt"
      ],
      "labels": [
        "gen3"
      ],
      "pokedex": [
        "cobblemon.species.kirlia.desc"
      ],
      "preEvolution": "ralts form=twilight",
      "evolutions": [
        {
          "id": "kirlia_gallade_twilight",
          "variant": "level_up",
          "result": "gallade form=twilight",
          "consumeHeldItem": false,
          "learnableMoves": [
            "sacredsword"
          ],
          "requirements": [
            {
              "variant": "level",
              "minLevel": 30
            }
          ]
        },
        {
          "id": "kirlia_gardevoir_twilight",
          "variant": "item_interact",
          "result": "gardevoir form=twilight",
          "consumeHeldItem": false,
          "learnableMoves": [],
          "requirements": [
            {
              "variant": "properties",
              "target": "gender=female"
            }
          ],
          "requiredContext": "cobblemon:dawn_stone"
        },
        {
          "id": "kirlia_twilight_to_normal",
          "variant": "item_interact",
          "result": "kirlia twilight=false",
          "consumeHeldItem": false,
          "learnableMoves": [],
          "requirements": [],
          "requiredContext": "twilightforest:transformation_powder"
        }
      ],
      "baseScale": 0.8,
      "hitbox": {
        "width": 0.5,
        "height": 1.4,
        "fixed": false
      },
      "baseFriendship": 35,
      "evYield": {
        "hp": 0,
        "attack": 2,
        "defence": 0,
        "special_attack": 0,
        "special_defence": 0,
        "speed": 0
      },
      "height": 8,
      "weight": 252,
      "aspects": ["twilight"],
      "cannotDynamax": false
    }
  ],
  "evolutions": [
        {
          "id": "kirlia_to_twilight",
          "variant": "item_interact",
          "result": "kirlia twilight=true",
          "consumeHeldItem": false,
          "learnableMoves": [],
          "requirements": [],
          "requiredContext": "twilightforest:transformation_powder"
        }
      ]
}