{
  "implemented": true,
  "name": "Exeggcute",
  "nationalPokedexNumber": 102,
  "primaryType": "grass",
  "secondaryType": "psychic",
  "abilities": [
    "chlorophyll",
    "h:harvest"
  ],
  "baseStats": {
    "hp": 60,
    "attack": 40,
    "defence": 80,
    "special_attack": 60,
    "special_defence": 45,
    "speed": 40
  },
  "catchRate": 90,
  "maleRatio": 0.5,
  "shoulderMountable": false,
  "forms": [
    {
      "name": "base",
      "evolutions": [
        {
          "id": "exeggcute_exeggutor_kantonian_alolan",
          "variant": "item_interact",
          "result": "exeggutor alolan",
          "consumeHeldItem": false,
          "learnableMoves": [
            "dragonhammer"
          ],
          "requirements": [
            {
              "variant": "biome",
              "biomeCondition": "#minecraft:is_beach"
            }
          ],
          "requiredContext": "cobblemon:leaf_stone"
        },
        {
          "id": "exeggcute_exeggutor_kanto_twilight",
          "variant": "item_interact",
          "result": "exeggutor alolan",
          "consumeHeldItem": false,
          "learnableMoves": [
            "dragonhammer"
          ],
          "requirements": [
            {
              "variant": "biome",
              "biomeCondition": "#cobblemon:is_twilight"
            }
          ],
          "requiredContext": "cobblemon:leaf_stone"
        },
        {
          "id": "exeggcute_exeggutor_kantonian",
          "variant": "item_interact",
          "result": "exeggutor alolan=false",
          "consumeHeldItem": false,
          "learnableMoves": [
            "stomp"
          ],
          "requirements": [
            {
              "variant": "biome",
              "biomeAnticondition": "#minecraft:is_beach"
            },
            {
              "variant": "biome",
              "biomeAnticondition": "#cobblemon:is_twilight"
            }
          ],
          "requiredContext": "cobblemon:leaf_stone"
        }
      ]
    },
    {
      "name": "Alolan",
      "maleRatio": 0.5,
      "labels": [
        "alola_regional"
      ],
      "aspects": [
        "alolan"
      ],
      "evolutions": [
        {
          "id": "exeggcute_exeggutor_alolan_kantonian",
          "variant": "item_interact",
          "result": "exeggutor alolan=false",
          "consumeHeldItem": false,
          "learnableMoves": [
            "stomp"
          ],
          "requirements": [
            {
              "variant": "biome",
              "biomeCondition": "#cobblemon:is_jungle"
            }
          ],
          "requiredContext": "cobblemon:leaf_stone"
        },
        {
          "id": "exeggcute_exeggutor_alolan",
          "variant": "item_interact",
          "result": "exeggutor alolan",
          "consumeHeldItem": false,
          "learnableMoves": [
            "dragonhammer"
          ],
          "requirements": [
            {
              "variant": "biome",
              "biomeAnticondition": "#cobblemon:is_jungle"
            }
          ],
          "requiredContext": "cobblemon:leaf_stone"
        },
        {
          "id": "exeggcute_exeggutor_alolan_twilight",
          "variant": "item_interact",
          "result": "exeggutor alolan",
          "consumeHeldItem": false,
          "learnableMoves": [
            "dragonhammer"
          ],
          "requirements": [
            {
              "variant": "biome",
              "biomeCondition": "#cobblemon:is_twilight"
            }
          ],
          "requiredContext": "cobblemon:leaf_stone"
        }
      ]
    }
  ],
  "baseExperienceYield": 65,
  "experienceGroup": "slow",
  "eggCycles": 20,
  "eggGroups": [
    "grass"
  ],
  "behaviour": {
    "resting": {
      "canSleep": true,
      "willSleepOnBed": true,
      "depth": "normal",
      "light": "0-4"
    }
  },
  "drops": {
    "amount": 5,
    "entries": [
      {
        "item": "minecraft:egg",
        "quantityRange": "0-3"
      },
      {
        "item": "cobblemon:oval_stone",
        "percentage": 2.5
      },
      {
        "item": "cobblemon:tanga_berry",
        "percentage": 2.5
      }
    ]
  },
  "moves": [
    "1:absorb",
    "1:barrage",
    "1:hypnosis",
    "5:reflect",
    "10:leechseed",
    "15:megadrain",
    "19:stunspore",
    "20:confusion",
    "21:poisonpowder",
    "23:sleeppowder",
    "25:synthesis",
    "30:bulletseed",
    "35:gigadrain",
    "37:naturalgift",
    "40:extrasensory",
    "45:uproar",
    "47:psychic",
    "50:bestow",
    "50:worryseed",
    "55:solarbeam",
    "egg:ancientpower",
    "egg:block",
    "egg:curse",
    "egg:gigadrain",
    "egg:grassyterrain",
    "egg:ingrain",
    "egg:leafstorm",
    "egg:luckychant",
    "egg:moonlight",
    "egg:naturalgift",
    "egg:naturepower",
    "egg:poisonpowder",
    "egg:powerswap",
    "egg:psychup",
    "egg:reflect",
    "egg:skillswap",
    "egg:sleeppowder",
    "egg:stunspore",
    "egg:synthesis",
    "tm:attract",
    "tm:bulletseed",
    "tm:captivate",
    "tm:confide",
    "tm:doubleteam",
    "tm:dreameater",
    "tm:endure",
    "tm:energyball",
    "tm:explosion",
    "tm:facade",
    "tm:flash",
    "tm:frustration",
    "tm:gigadrain",
    "tm:grassknot",
    "tm:grassyterrain",
    "tm:hiddenpower",
    "tm:infestation",
    "tm:leafstorm",
    "tm:lightscreen",
    "tm:naturalgift",
    "tm:naturepower",
    "tm:powerswap",
    "tm:protect",
    "tm:psychic",
    "tm:psychup",
    "tm:reflect",
    "tm:rest",
    "tm:return",
    "tm:round",
    "tm:secretpower",
    "tm:seedbomb",
    "tm:selfdestruct",
    "tm:skillswap",
    "tm:sleeptalk",
    "tm:sludgebomb",
    "tm:snore",
    "tm:solarbeam",
    "tm:strength",
    "tm:substitute",
    "tm:sunnyday",
    "tm:swagger",
    "tm:swordsdance",
    "tm:telekinesis",
    "tm:thief",
    "tm:toxic",
    "tm:trickroom",
    "tm:uproar",
    "tutor:ancientpower",
    "tutor:attract",
    "tutor:barrage",
    "tutor:bide",
    "tutor:block",
    "tutor:confusion",
    "tutor:curse",
    "tutor:doubleedge",
    "tutor:doubleteam",
    "tutor:dreameater",
    "tutor:eggbomb",
    "tutor:endure",
    "tutor:explosion",
    "tutor:facade",
    "tutor:flash",
    "tutor:frustration",
    "tutor:gigadrain",
    "tutor:grassyglide",
    "tutor:gravity",
    "tutor:headbutt",
    "tutor:hiddenpower",
    "tutor:hypnosis",
    "tutor:leechseed",
    "tutor:lightscreen",
    "tutor:megadrain",
    "tutor:mimic",
    "tutor:moonlight",
    "tutor:nightmare",
    "tutor:poisonpowder",
    "tutor:protect",
    "tutor:psybeam",
    "tutor:psychic",
    "tutor:psychup",
    "tutor:psywave",
    "tutor:rage",
    "tutor:reflect",
    "tutor:rest",
    "tutor:return",
    "tutor:rollout",
    "tutor:seedbomb",
    "tutor:selfdestruct",
    "tutor:skillswap",
    "tutor:sleeppowder",
    "tutor:sleeptalk",
    "tutor:sludgebomb",
    "tutor:snore",
    "tutor:solarbeam",
    "tutor:strength",
    "tutor:stunspore",
    "tutor:substitute",
    "tutor:sunnyday",
    "tutor:swagger",
    "tutor:sweetscent",
    "tutor:synthesis",
    "tutor:takedown",
    "tutor:telekinesis",
    "tutor:teleport",
    "tutor:thief",
    "tutor:toxic",
    "tutor:uproar",
    "tutor:wish",
    "tutor:worryseed"
  ],
  "labels": [
    "gen1"
  ],
  "pokedex": [
    "cobblemon.species.exeggcute.desc"
  ],
  "features": [
    "alolan"
  ],
  "evolutions": [],
  "baseScale": 1.0,
  "hitbox": {
    "width": 1.1,
    "height": 0.5,
    "fixed": false
  },
  "baseFriendship": 50,
  "evYield": {
    "hp": 0,
    "attack": 0,
    "defence": 1,
    "special_attack": 0,
    "special_defence": 0,
    "speed": 0
  },
  "height": 4,
  "weight": 25,
  "aspects": [],
  "cannotDynamax": false
}