{
  "target": "cobblemon:arbok",
  "features": ["twilight","snake-pattern"],
  "implemented": true,
  "name": "Arbok",
  "forms": [
    {
      "implemented": true,
      "name": "Twilight Arbok",
      "nationalPokedexNumber": 24,
      "primaryType": "poison",
      "secondaryType": "steel",
      "abilities": [
        "marvelscale",
        "h:multiscale"
      ],
      "baseStats": {
        "hp": 75,
        "attack": 95,
        "defence": 99,
        "special_attack": 45,
        "special_defence": 79,
        "speed": 80
      },
      "behaviour": {
        "resting": {
          "canSleep": true,
          "willSleepOnBed": false,
          "depth": "normal",
          "light": "0-4"
        }
      },
      "standingEyeHeight": 1,
      "features": [
      ],
      "catchRate": 90,
      "maleRatio": 0.5,
      "shoulderMountable": false,
      "baseExperienceYield": 157,
      "experienceGroup": "medium_fast",
      "eggCycles": 20,
      "eggGroups": [
        "field",
        "dragon"
      ],
      "drops": {
        "amount": 3,
        "entries": [
          {
            "item": "twilightforest:naga_scale",
            "quantityRange": "0-3"
          },
          {
            "item": "cobblemon:razor_fang",
            "percentage": 2.5
          }
        ]
      },
      "moves": [
        "1:metalburst",
        "1:crunch",
        "1:firefang",
        "1:icefang",
        "1:leer",
        "1:poisonfang",
        "1:thunderfang",
        "1:mortalspin",
        "12:glare",
        "17:screech",
        "20:gyroball",
        "27:irondefense",
        "32:ironhead",
        "39:poisontail",
        "44:irontail",
        "48:poisonjab",
        "51:steelroller",
        "56:coil",
        "63:gunkshot",
        "tm:attract",
        "tm:brutalswing",
        "tm:bulldoze",
        "tm:captivate",
        "tm:confide",
        "tm:darkpulse",
        "tm:dig",
        "tm:doubleteam",
        "tm:dragontail",
        "tm:earthquake",
        "tm:endure",
        "tm:facade",
        "tm:frustration",
        "tm:gigadrain",
        "tm:gigaimpact",
        "tm:hiddenpower",
        "tm:hyperbeam",
        "tm:infestation",
        "tm:irontail",
        "tm:naturalgift",
        "tm:payback",
        "tm:poisonjab",
        "tm:protect",
        "tm:raindance",
        "tm:rest",
        "tm:return",
        "tm:rockslide",
        "tm:rocktomb",
        "tm:round",
        "tm:secretpower",
        "tm:sleeptalk",
        "tm:sludgebomb",
        "tm:sludgewave",
        "tm:snatch",
        "tm:strength",
        "tm:substitute",
        "tm:sunnyday",
        "tm:swagger",
        "tm:thief",
        "tm:torment",
        "tm:toxic",
        "tm:venoshock",
        "tutor:acid",
        "tutor:aquatail",
        "tutor:attract",
        "tutor:bide",
        "tutor:bind",
        "tutor:bite",
        "tutor:bodyslam",
        "tutor:crunch",
        "tutor:curse",
        "tutor:darkpulse",
        "tutor:dig",
        "tutor:doubleedge",
        "tutor:doubleteam",
        "tutor:dragontail",
        "tutor:earthquake",
        "tutor:endure",
        "tutor:facade",
        "tutor:fissure",
        "tutor:frustration",
        "tutor:gastroacid",
        "tutor:gigadrain",
        "tutor:glare",
        "tutor:gunkshot",
        "tutor:haze",
        "tutor:headbutt",
        "tutor:hiddenpower",
        "tutor:hyperbeam",
        "tutor:irontail",
        "tutor:leer",
        "tutor:megadrain",
        "tutor:mimic",
        "tutor:poisonjab",
        "tutor:poisonsting",
        "tutor:protect",
        "tutor:rage",
        "tutor:refresh",
        "tutor:rest",
        "tutor:return",
        "tutor:rockslide",
        "tutor:screech",
        "tutor:seedbomb",
        "tutor:skullbash",
        "tutor:slam",
        "tutor:sleeptalk",
        "tutor:sludgebomb",
        "tutor:snatch",
        "tutor:snore",
        "tutor:spite",
        "tutor:stompingtantrum",
        "tutor:strength",
        "tutor:substitute",
        "tutor:suckerpunch",
        "tutor:sunnyday",
        "tutor:swagger",
        "tutor:takedown",
        "tutor:thief",
        "tutor:throatchop",
        "tutor:toxic",
        "tutor:wrap"
      ],
      "labels": [
        "gen1"
      ],
      "pokedex": [
        "cobblemon.species.arbok.desc"
      ],
      "aspects": [
        "twilight"
      ],
      "preEvolution": "ekans form=twilight",
      "evolutions": [
        {
          "id": "arbok_twilight_to_normal",
          "variant": "item_interact",
          "result": "arbok twilight=false snake_pattern=elusive",
          "consumeHeldItem": false,
          "learnableMoves": [],
          "requirements": [],
          "requiredContext": "twilightforest:transformation_powder"
        }
      ],
      "baseScale": 1,
      "hitbox": {
        "width": 1,
        "height": 1.8,
        "fixed": false
      },
      "baseFriendship": 70,
      "evYield": {
        "hp": 0,
        "attack": 0,
        "defence": 2,
        "special_attack": 0,
        "special_defence": 0,
        "speed": 0
      },
      "height": 35,
      "weight": 650,
      "cannotDynamax": false
    }
  ],
  "evolutions": [
        {
          "id": "arbok_to_twilight",
          "variant": "item_interact",
          "result": "arbok twilight=true",
          "consumeHeldItem": false,
          "learnableMoves": [],
          "requirements": [],
          "requiredContext": "twilightforest:transformation_powder"
        }
      ]
}