{
  "target": "cobblemon:pinsir",
  "implemented": true,
  "name": "Pinsir",
  "forms": [
    {
      "implemented": true,
      "name": "Twilight",
      "nationalPokedexNumber": 127,
      "primaryType": "bug",
      "secondaryType": "dark",
      "abilities": [
        "strongjaw",
        "h:moxie"
      ],
      "baseStats": {
        "hp": 80,
        "attack": 130,
        "defence": 100,
        "special_attack": 35,
        "special_defence": 75,
        "speed": 80
      },
      "behaviour": {
        "resting": {
          "canSleep": true,
          "depth": "normal",
          "light": "0-4"
        },
        "moving": {
          "walk": {
            "walkSpeed": 0.14
          }
        }
      },
      "catchRate": 45,
      "maleRatio": 0.5,
      "shoulderMountable": false,
      "baseExperienceYield": 175,
      "experienceGroup": "slow",
      "eggCycles": 25,
      "eggGroups": [
        "bug"
      ],
      "moves": [
        "1:harden",
        "1:visegrip",
        "4:focusenergy",
        "8:bind",
        "12:pounce",
        "15:bite",
        "16:bugbite",
        "20:poisonfang",
        "24:obstruct",
        "26:thunderfang",
        "28:crunch",
        "32:xscissor",
        "36:jawlock",
        "40:swordsdance",
        "43:thrash",
        "44:lunge",
        "48:guillotine",
        "52:firstimpression",
        "egg:bugbite",
        "egg:closecombat",
        "egg:falseswipe",
        "egg:feint",
        "egg:feintattack",
        "egg:flail",
        "egg:furyattack",
        "egg:mefirst",
        "egg:quickattack",
        "egg:superpower",
        "egg:thrash",
        "tm:attract",
        "tm:bodyslam",
        "tm:brickbreak",
        "tm:brutalswing",
        "tm:bulkup",
        "tm:bulldoze",
        "tm:captivate",
        "tm:closecombat",
        "tm:confide",
        "tm:cut",
        "tm:dig",
        "tm:doubleteam",
        "tm:earthquake",
        "tm:endure",
        "tm:facade",
        "tm:falseswipe",
        "tm:fling",
        "tm:focusblast",
        "tm:focusenergy",
        "tm:focuspunch",
        "tm:frustration",
        "tm:gigaimpact",
        "tm:helpinghand",
        "tm:hiddenpower",
        "tm:highhorsepower",
        "tm:hyperbeam",
        "tm:irondefense",
        "tm:naturalgift",
        "tm:protect",
        "tm:raindance",
        "tm:rest",
        "tm:return",
        "tm:revenge",
        "tm:reversal",
        "tm:rockclimb",
        "tm:rockslide",
        "tm:rocksmash",
        "tm:rocktomb",
        "tm:round",
        "tm:secretpower",
        "tm:sleeptalk",
        "tm:smackdown",
        "tm:snore",
        "tm:stealthrock",
        "tm:stoneedge",
        "tm:strength",
        "tm:strugglebug",
        "tm:substitute",
        "tm:sunnyday",
        "tm:superpower",
        "tm:swagger",
        "tm:swordsdance",
        "tm:thief",
        "tm:throatchop",
        "tm:toxic",
        "tm:xscissor",
        "tutor:attract",
        "tutor:bide",
        "tutor:bind",
        "tutor:bodyslam",
        "tutor:brickbreak",
        "tutor:bugbite",
        "tutor:bulkup",
        "tutor:closecombat",
        "tutor:curse",
        "tutor:cut",
        "tutor:dig",
        "tutor:doubleedge",
        "tutor:doubleteam",
        "tutor:earthquake",
        "tutor:endure",
        "tutor:facade",
        "tutor:falseswipe",
        "tutor:feint",
        "tutor:flail",
        "tutor:focusenergy",
        "tutor:focuspunch",
        "tutor:frustration",
        "tutor:furyattack",
        "tutor:furycutter",
        "tutor:guillotine",
        "tutor:harden",
        "tutor:headbutt",
        "tutor:helpinghand",
        "tutor:hiddenpower",
        "tutor:hyperbeam",
        "tutor:irondefense",
        "tutor:knockoff",
        "tutor:mefirst",
        "tutor:mimic",
        "tutor:outrage",
        "tutor:protect",
        "tutor:quickattack",
        "tutor:rage",
        "tutor:rest",
        "tutor:return",
        "tutor:rockslide",
        "tutor:rocksmash",
        "tutor:seismictoss",
        "tutor:slash",
        "tutor:sleeptalk",
        "tutor:snore",
        "tutor:stealthrock",
        "tutor:stoneedge",
        "tutor:strength",
        "tutor:stringshot",
        "tutor:submission",
        "tutor:substitute",
        "tutor:sunnyday",
        "tutor:superpower",
        "tutor:swagger",
        "tutor:swordsdance",
        "tutor:takedown",
        "tutor:thief",
        "tutor:thrash",
        "tutor:throatchop",
        "tutor:toxic",
        "tutor:visegrip",
        "tutor:xscissor"
      ],
      "labels": [
        "gen1"
      ],
      "pokedex": [
        "cobblemon.species.pinsir.desc"
      ],
      "evolutions": [
        {
          "id": "pinsir_twilight_to_normal",
          "variant": "item_interact",
          "result": "pinsir twilight=false",
          "consumeHeldItem": false,
          "learnableMoves": [],
          "requirements": [],
          "requiredContext": "twilightforest:transformation_powder"
        }
      ],
      "baseScale": 1.0,
      "hitbox": {
        "width": 1,
        "height": 1.45,
        "fixed": false
      },
      "baseFriendship": 50,
      "evYield": {
        "hp": 0,
        "attack": 2,
        "defence": 0,
        "special_attack": 0,
        "special_defence": 0,
        "speed": 0
      },
      "height": 18,
      "weight": 650,
      "aspects": ["twilight"],
      "cannotDynamax": false,
      "drops": {
        "amount": 4,
        "entries": [
          {
            "item": "twilightforest:maze_wafer",
            "quantityRange": "1-4"
          }
        ]
      }
    }    
  ],
  "evolutions": [
        {
          "id": "pinsir_to_twilight",
          "variant": "item_interact",
          "result": "pinsir twilight=true",
          "consumeHeldItem": false,
          "learnableMoves": [],
          "requirements": [],
          "requiredContext": "twilightforest:transformation_powder"
        }
      ]
}