{
  "target": "cobblemon:tangela",
  "implemented": true,
  "name": "Tangela",
  "forms": [
    {
      "implemented": true,
      "name": "Twilight",
      "nationalPokedexNumber": 114,
      "primaryType": "grass",
      "secondaryType": "steel",
      "abilities": [
        "ironbarbs",
        "h:regenerator"
      ],
      "baseStats": {
        "hp": 65,
        "attack": 100,
        "defence": 115,
        "special_attack": 40,
        "special_defence": 55,
        "speed": 60
      },
      "catchRate": 45,
      "maleRatio": 0.5,
      "shoulderMountable": false,
      "baseExperienceYield": 87,
      "experienceGroup": "medium_fast",
      "eggCycles": 20,
      "eggGroups": [
        "grass"
      ],
      "drops": {
        "amount": 2,
        "entries": [
          {
            "item": "minecraft:dead_bush",
            "quantityRange": "0-1"
          },
          {
            "item": "cobblemon:big_root",
            "percentage": 2.5
          }
        ]
      },
      "moves": [
        "1:branchpoke",
        "1:bind",
        "1:spikes",
        "1:ingrain",
        "4:constrict",
        "5:growth",
        "8:spikyshield",
        "12:pinmissile",
        "16:needlearm",
        "20:metalclaw",
        "24:strengthsap",
        "28:knockoff",
        "32:irondefense",
        "33:obstruct",
        "36:smartstrike",
        "40:hornleech",
        "44:fellstinger",
        "46:toxicspikes",
        "48:metalburst",
        "52:powerwhip",
        "54:ingrain",
        "56:drillrun",
        "60:lashout",
        "64:gyroball",
        "66:grassyterrain",
        "70:steelroller",
        "74:powder",
        "egg:amnesia",
        "egg:confusion",
        "egg:endeavor",
        "egg:flail",
        "egg:gigadrain",
        "egg:leafstorm",
        "egg:leechseed",
        "egg:megadrain",
        "egg:naturalgift",
        "egg:naturepower",
        "egg:powerswap",
        "egg:ragepowder",
        "egg:reflect",
        "egg:wakeupslap",
        "tm:amnesia",
        "tm:attract",
        "tm:bodyslam",
        "tm:bulletseed",
        "tm:captivate",
        "tm:confide",
        "tm:cut",
        "tm:doubleteam",
        "tm:endure",
        "tm:energyball",
        "tm:facade",
        "tm:flash",
        "tm:frustration",
        "tm:gigadrain",
        "tm:gigaimpact",
        "tm:grassknot",
        "tm:grassyterrain",
        "tm:hiddenpower",
        "tm:hyperbeam",
        "tm:infestation",
        "tm:leafstorm",
        "tm:naturalgift",
        "tm:naturepower",
        "tm:powerswap",
        "tm:powerwhip",
        "tm:protect",
        "tm:psychup",
        "tm:reflect",
        "tm:rest",
        "tm:return",
        "tm:rocksmash",
        "tm:round",
        "tm:secretpower",
        "tm:seedbomb",
        "tm:shockwave",
        "tm:sleeptalk",
        "tm:sludgebomb",
        "tm:snore",
        "tm:solarbeam",
        "tm:substitute",
        "tm:sunnyday",
        "tm:swagger",
        "tm:swordsdance",
        "tm:thief",
        "tm:toxic",
        "tutor:absorb",
        "tutor:amnesia",
        "tutor:ancientpower",
        "tutor:attract",
        "tutor:bide",
        "tutor:bind",
        "tutor:bodyslam",
        "tutor:confusion",
        "tutor:constrict",
        "tutor:curse",
        "tutor:cut",
        "tutor:doubleedge",
        "tutor:doubleteam",
        "tutor:endeavor",
        "tutor:endure",
        "tutor:facade",
        "tutor:flail",
        "tutor:flash",
        "tutor:frustration",
        "tutor:gigadrain",
        "tutor:grassyglide",
        "tutor:growth",
        "tutor:headbutt",
        "tutor:hiddenpower",
        "tutor:hyperbeam",
        "tutor:ingrain",
        "tutor:knockoff",
        "tutor:leechseed",
        "tutor:megadrain",
        "tutor:mimic",
        "tutor:morningsun",
        "tutor:painsplit",
        "tutor:poisonpowder",
        "tutor:powerwhip",
        "tutor:protect",
        "tutor:psychup",
        "tutor:rage",
        "tutor:reflect",
        "tutor:rest",
        "tutor:return",
        "tutor:seedbomb",
        "tutor:shockwave",
        "tutor:skullbash",
        "tutor:slam",
        "tutor:sleeppowder",
        "tutor:sleeptalk",
        "tutor:sludgebomb",
        "tutor:snore",
        "tutor:solarbeam",
        "tutor:stunspore",
        "tutor:substitute",
        "tutor:sunnyday",
        "tutor:swagger",
        "tutor:sweetscent",
        "tutor:swordsdance",
        "tutor:synthesis",
        "tutor:takedown",
        "tutor:thief",
        "tutor:toxic",
        "tutor:vinewhip",
        "tutor:worryseed"
      ],
      "labels": [
        "gen1"
      ],
      "pokedex": [
        "cobblemon.species.tangela.desc"
      ],
      "evolutions": [
        {
          "id": "tangela_tangrowth_twilight",
          "variant": "level_up",
          "result": "tangrowth twilight",
          "consumeHeldItem": false,
          "learnableMoves": [],
          "requirements": [
            {
              "variant": "has_move",
              "move": "obstruct"
            }
          ]
        },
        {
          "id": "tangela_twilight_to_normal",
          "variant": "item_interact",
          "result": "tangela twilight=false",
          "consumeHeldItem": false,
          "learnableMoves": [],
          "requirements": [],
          "requiredContext": "twilightforest:transformation_powder"
        }
      ],
      "baseScale": 1.5,
      "hitbox": {
        "width": 0.8,
        "height": 0.6,
        "fixed": false
      },
      "baseFriendship": 50,
      "evYield": {
        "hp": 0,
        "attack": 0,
        "defence": 1,
        "special_attack": 0,
        "special_defence": 0,
        "speed": 0
      },
      "height": 10,
      "weight": 350,
      "aspects": ["twilight"],
      "cannotDynamax": false
    }    
  ],
  "evolutions": [
        {
          "id": "tangela_to_twilight",
          "variant": "item_interact",
          "result": "tangela twilight=true",
          "consumeHeldItem": false,
          "learnableMoves": [],
          "requirements": [],
          "requiredContext": "twilightforest:transformation_powder"
        }
      ]
}