{
  "implemented": true,
  "name": "Morelull",
  "nationalPokedexNumber": 755,
  "primaryType": "grass",
  "secondaryType": "fairy",
  "abilities": [
    "illuminate",
    "effectspore",
    "h:raindish"
  ],
  "baseStats": {
    "hp": 40,
    "attack": 35,
    "defence": 55,
    "special_attack": 65,
    "special_defence": 75,
    "speed": 15
  },
  "catchRate": 190,
  "maleRatio": 0.5,
  "shoulderMountable": false,
  "baseExperienceYield": 57,
  "experienceGroup": "medium_fast",
  "eggCycles": 20,
  "eggGroups": [
    "grass"
  ],
  "drops": {
    "amount": 2,
    "entries": [
      {
        "item": "twilightforest:mushgloom",
        "quantityRange": "0-1"
      },
      {
        "item": "cobblemon:kebia_berry",
        "percentage": 2.5
      }
    ]
  },
  "moves": [
    "1:absorb",
    "1:astonish",
    "4:confuseray",
    "8:flash",
    "8:ingrain",
    "12:megadrain",
    "16:sleeppowder",
    "20:moonlight",
    "25:strengthsap",
    "28:gigadrain",
    "32:dazzlinggleam",
    "36:spore",
    "40:moonblast",
    "44:dreameater",
    "46:spotlight",
    "egg:amnesia",
    "egg:growth",
    "egg:leechseed",
    "egg:poisonpowder",
    "egg:stunspore",
    "tm:amnesia",
    "tm:attract",
    "tm:confide",
    "tm:dazzlinggleam",
    "tm:doubleteam",
    "tm:drainingkiss",
    "tm:dreameater",
    "tm:endure",
    "tm:energyball",
    "tm:facade",
    "tm:frustration",
    "tm:gigadrain",
    "tm:grassknot",
    "tm:hiddenpower",
    "tm:lightscreen",
    "tm:magicroom",
    "tm:naturepower",
    "tm:pollenpuff",
    "tm:protect",
    "tm:rest",
    "tm:return",
    "tm:round",
    "tm:safeguard",
    "tm:seedbomb",
    "tm:sleeptalk",
    "tm:sludgebomb",
    "tm:snore",
    "tm:solarbeam",
    "tm:substitute",
    "tm:sunnyday",
    "tm:swagger",
    "tm:thunderwave",
    "tm:toxic",
    "tm:wonderroom",
    "tutor:afteryou",
    "tutor:gigadrain",
    "tutor:magiccoat",
    "tutor:magicroom",
    "tutor:recycle",
    "tutor:seedbomb",
    "tutor:signalbeam",
    "tutor:snore",
    "tutor:synthesis",
    "tutor:wonderroom",
    "tutor:worryseed"
  ],
  "labels": [
    "gen7"
  ],
  "pokedex": [
    "cobblemon.species.morelull.desc"
  ],
  "evolutions": [
    {
      "id": "morelull_shiinotic",
      "variant": "level_up",
      "result": "shiinotic",
      "consumeHeldItem": false,
      "learnableMoves": [],
      "requirements": [
        {
          "variant": "level",
          "minLevel": 24
        }
      ]
    }
  ],
  "baseScale": 0.5,
  "hitbox": {
    "width": 0.5,
    "height": 0.5,
    "fixed": false
  },
  "baseFriendship": 50,
  "evYield": {
    "hp": 0,
    "attack": 0,
    "defence": 0,
    "special_attack": 0,
    "special_defence": 1,
    "speed": 0
  },
  "height": 2,
  "weight": 15,
  "aspects": [],
  "cannotDynamax": false
}