{
  "implemented": true,
  "name": "Shiinotic",
  "nationalPokedexNumber": 756,
  "primaryType": "grass",
  "secondaryType": "fairy",
  "abilities": [
    "illuminate",
    "effectspore",
    "h:raindish"
  ],
  "baseStats": {
    "hp": 60,
    "attack": 45,
    "defence": 80,
    "special_attack": 90,
    "special_defence": 100,
    "speed": 30
  },
  "catchRate": 75,
  "maleRatio": 0.5,
  "shoulderMountable": false,
  "baseExperienceYield": 142,
  "experienceGroup": "medium_fast",
  "eggCycles": 20,
  "eggGroups": [
    "grass"
  ],
  "drops": {
    "amount": 3,
    "entries": [
      {
        "item": "twilightforest:mushgloom",
        "quantityRange": "0-2"
      },
      {
        "item": "cobblemon:kebia_berry",
        "percentage": 5.0
      }
    ]
  },
  "moves": [
    "1:absorb",
    "1:astonish",
    "1:confuseray",
    "1:flash",
    "1:ingrain",
    "12:megadrain",
    "16:sleeppowder",
    "20:moonlight",
    "27:strengthsap",
    "32:gigadrain",
    "38:dazzlinggleam",
    "44:spore",
    "50:moonblast",
    "53:spotlight",
    "56:dreameater",
    "tm:amnesia",
    "tm:attract",
    "tm:chargebeam",
    "tm:confide",
    "tm:dazzlinggleam",
    "tm:doubleteam",
    "tm:drainingkiss",
    "tm:drainpunch",
    "tm:dreameater",
    "tm:endure",
    "tm:energyball",
    "tm:facade",
    "tm:frustration",
    "tm:gigadrain",
    "tm:gigaimpact",
    "tm:grassknot",
    "tm:hiddenpower",
    "tm:hyperbeam",
    "tm:lightscreen",
    "tm:magicroom",
    "tm:naturepower",
    "tm:pollenpuff",
    "tm:protect",
    "tm:raindance",
    "tm:rest",
    "tm:return",
    "tm:round",
    "tm:safeguard",
    "tm:seedbomb",
    "tm:sleeptalk",
    "tm:sludgebomb",
    "tm:snore",
    "tm:solarbeam",
    "tm:substitute",
    "tm:sunnyday",
    "tm:swagger",
    "tm:thunderwave",
    "tm:toxic",
    "tm:weatherball",
    "tm:wonderroom",
    "tutor:afteryou",
    "tutor:gigadrain",
    "tutor:magiccoat",
    "tutor:magicroom",
    "tutor:recycle",
    "tutor:seedbomb",
    "tutor:signalbeam",
    "tutor:snore",
    "tutor:synthesis",
    "tutor:wonderroom",
    "tutor:worryseed"
  ],
  "labels": [
    "gen7"
  ],
  "pokedex": [
    "cobblemon.species.shiinotic.desc"
  ],
  "preEvolution": "morelull",
  "evolutions": [],
  "baseScale": 0.75,
  "hitbox": {
    "width": 0.75,
    "height": 0.75,
    "fixed": false
  },
  "baseFriendship": 50,
  "evYield": {
    "hp": 0,
    "attack": 0,
    "defence": 0,
    "special_attack": 0,
    "special_defence": 2,
    "speed": 0
  },
  "height": 10,
  "weight": 115,
  "aspects": [],
  "cannotDynamax": false
}