{
    "enabled": true,
    "neededInstalledMods": [],
    "neededUninstalledMods": [],
    "spawns": [
        {
            "id": "vaporeon-twilight",
            "pokemon": "vaporeon",
            "presets": [
                "underwater"
            ],
            "type": "pokemon",
            "context": "submerged",
            "bucket": "rare",
            "level": "35-50",
            "weight": 10.0,
            "condition": {
                "biomes": [
                    "twilightforest:swamp",
                    "twilightforest:lake"
                ]
            }
        }
    ]
}