{
    "enabled": true,
    "neededInstalledMods": [],
    "neededUninstalledMods": [],
    "spawns": [
        {
            "id": "omanyte-twilight-1",
            "pokemon": "omanyte",
            "presets": [
                "underwater"
            ],
            "type": "pokemon",
            "context": "submerged",
            "bucket": "common",
            "level": "5-20",
            "weight": 10.0,
            "condition": {
                "biomes": [
                    "twilightforest:stream",
                    "twilightforest:lake"
                ]
            }
        }
    ]
}