{
    "enabled": true,
    "neededInstalledMods": [],
    "neededUninstalledMods": [],
    "spawns": [
        {
            "id": "kabuto-twilight-1",
            "pokemon": "kabuto",
            "presets": [
                "underwater"
            ],
            "type": "pokemon",
            "context": "submerged",
            "bucket": "common",
            "level": "15-35",
            "weight": 10.0,
            "condition": {
                "biomes": [
                    "twilightforest:swamp"
                ]
            }
        }
    ]
}