{
    "enabled": true,
    "neededInstalledMods": [],
    "neededUninstalledMods": [],
    "spawns": [
        {
            "id": "yanma-twilight-1",
            "pokemon": "yanma",
            "presets": [
                "water_surface"
            ],
            "type": "pokemon",
            "context": "grounded",
            "bucket": "common",
            "level": "14-39",
            "weight": 10.0,
            "condition": {
                "biomes": [
                    "twilightforest:swamp"
                ]
            }
        }
    ]
}