{
    "enabled": "true",
    "neededInstalledMods": [],
    "neededUninstalledMods": [],
    "spawns": [
        {
            "id": "phantump-twilight-1",
            "pokemon": "phantump",
            "presets": [
                "natural"
            ],
            "type": "pokemon",
            "context": "grounded",
            "bucket": "common",
            "level": "9-24",
            "weight": 10.0,
            "condition": {
                "biomes": [
                    "twilightforest:forest",
                    "twilightforest:dense_forest"
                ]
            }
        },
        {
            "id": "phantump-twilight-2",
            "pokemon": "phantump",
            "presets": [
                "natural"
            ],
            "type": "pokemon",
            "context": "grounded",
            "bucket": "common",
            "level": "9-20",
            "weight": 10.0,
            "condition": {
                "biomes": [
                    "twilightforest:spooky_forest"
                ]
            }
        },
        {
            "id": "phantump-twilight-3",
            "pokemon": "phantump",
            "presets": [
                "natural"
            ],
            "type": "pokemon",
            "context": "grounded",
            "bucket": "uncommon",
            "level": "20-40",
            "weight": 10.0,
            "condition": {
                "biomes": [
                    "twilightforest:dark_forest"
                ]
            }
        }
    ]
}