{
    "enabled": "true",
    "neededInstalledMods": [],
    "neededUninstalledMods": [],
    "spawns": [
        {
            "id": "trevenant-twilight-1",
            "pokemon": "trevenant",
            "presets": [
                "natural"
            ],
            "type": "pokemon",
            "context": "grounded",
            "bucket": "rare",
            "level": "15-30",
            "weight": 10.0,
            "condition": {
                "biomes": [
                    "twilightforest:forest",
                    "twilightforest:dense_forest"
                ]
            }
        },
        {
            "id": "trevenant-twilight-2",
            "pokemon": "trevenant",
            "presets": [
                "natural"
            ],
            "type": "pokemon",
            "context": "grounded",
            "bucket": "rare",
            "level": "14-30",
            "weight": 10.0,
            "condition": {
                "biomes": [
                    "twilightforest:spooky_forest"
                ]
            }
        },
        {
            "id": "trevenant-twilight-3",
            "pokemon": "trevenant",
            "presets": [
                "natural"
            ],
            "type": "pokemon",
            "context": "grounded",
            "bucket": "common",
            "level": "40-50",
            "weight": 10.0,
            "condition": {
                "biomes": [
                    "twilightforest:dark_forest"
                ]
            }
        }
    ]
}