{
    "enabled": "true",
    "neededInstalledMods": [],
    "neededUninstalledMods": [],
    "spawns": [
        {
            "id": "eiscue-twilight-1",
            "pokemon": "eiscue",
            "presets": [
                "natural"
            ],
            "type": "pokemon",
            "context": "grounded",
            "bucket": "common",
            "level": "20-40",
            "weight": 40.0,
            "condition": {
                "biomes": [
                    "twilightforest:glacier"
                ]
            }
        }
    ]
}