{
    "enabled": true,
    "neededInstalledMods": [],
    "neededUninstalledMods": [],
    "spawns": [
        {
            "id": "ursaluna-twilight-1",
            "pokemon": "ursaluna",
            "presets": [
                "natural"
            ],
            "type": "pokemon",
            "context": "grounded",
            "bucket": "rare",
            "level": "60-75",
            "weight": 10.0,
            "condition": {
                "biomes": [
                    "twilightforest:highlands"
                ]
            }
        }
    ]
}