{
  "target": "cobblemon:wooloo",
  "implemented": true,
  "name": "Wooloo",
  "forms": [
    {
      "name": "Twilight",
      "primaryType": "fairy",
      "secondaryType": "fighting",
      "abilities": [
        "fluffy",
        "steadfast",
        "h:bulletproof"
      ],
      "drops": {
        "amount": 3,
        "entries": [
          {
            "item": "minecraft:mutton",
            "quantityRange": "1-2"
          },
          {
            "item": "minecraft:pink_wool"
          }
        ]
      },
      "baseStats": {
        "hp": 42,
        "attack": 40,
        "defence": 55,
        "special_attack": 40,
        "special_defence": 45,
        "speed": 48
      },
      "catchRate": 255,
      "maleRatio": 0.5,
      "baseExperienceYield": 82,
      "baseFriendship": 50,
      "evYield": {
        "hp": 0,
        "attack": 0,
        "defence": 1,
        "special_attack": 0,
        "special_defence": 0,
        "speed": 0
      },
      "experienceGroup": "medium_fast",
      "eggCycles": 20,
      "eggGroups": [
        "field"
      ],
      "moves": [
        "1:craftyshield",
        "1:tackle",
        "1:defensecurl",
        "1:charm",
        "4:rocksmash",
        "8:disarmingvoice",
        "10:doublekick",
        "13:guardsplit",
        "16:jumpkick",
        "21:headbutt",
        "23:playrough",
        "25:cottonguard",
        "28:guardswap",
        "32:circlethrow",
        "36:bodypress",
        "40:spiritbreak",
        "43:highjumpkick",
        "47:aromaticmist",
        "50:superpower",
        "54:mistyterrain",
        "54:mistyexplosion",
        "egg:counter",
        "egg:stomp",
        "egg:swagger",
        "egg:doubleedge",
        "egg:doublekick",
        "egg:horndrill",
        "egg:hypnosis",
        "egg:morningsun",
        "egg:thrash",
        "tm:agility",
        "tm:attract",
        "tm:electroball",
        "tm:endure",
        "tm:facade",
        "tm:guardswap",
        "tm:payback",
        "tm:protect",
        "tm:rest",
        "tm:reversal",
        "tm:round",
        "tm:sleeptalk",
        "tm:snore",
        "tm:substitute",
        "tm:thunderwave",
        "tm:allyswitch",
        "tm:bodyslam",
        "tm:bounce",
        "tm:calmmind",
        "tm:charm",
        "tm:dazzlinggleam",
        "tm:futuresight",
        "tm:highhorsepower",
        "tm:imprison",
        "tm:irontail",
        "tm:lowkick",
        "tm:playrough",
        "tm:psychic",
        "tm:storedpower",
        "tm:swift",
        "tm:wildcharge",
        "tm:zenheadbutt",
        "tutor:confusion",
        "tutor:expandingforce",
        "tutor:fairywind",
        "tutor:growl",
        "tutor:tackle",
        "tutor:grassyglide"
      ],
      "labels": [
        "gen8"
      ],
      "aspects": [
        "twilight"
      ],
      "height": 6,
      "weight": 60,
      "evolutions": [
        {
          "id": "wooloo_dubwool_twilight",
          "variant": "level_up",
          "result": "dubwool form=twilight",
          "consumeHeldItem": false,
          "learnableMoves": [
            "playrough"
          ],
          "requirements": [
            {
              "variant": "level",
              "minLevel": 24
            }
          ]
        },
        {
          "id": "wooloo_twilight_to_normal",
          "variant": "item_interact",
          "result": "wooloo twilight=false",
          "consumeHeldItem": false,
          "learnableMoves": [],
          "requirements": [],
          "requiredContext": "twilightforest:transformation_powder"
        }
      ],
      "cannotDynamax": false,
      "battleOnly": false
    }
  ],
  "evolutions": [
        {
          "id": "wooloo_to_twilight",
          "variant": "item_interact",
          "result": "wooloo twilight=true",
          "consumeHeldItem": false,
          "learnableMoves": [],
          "requirements": [],
          "requiredContext": "twilightforest:transformation_powder"
        }
      ]
}