{
  "species": "cobblemon:charmander",
  "order": 7,
  "variations": [
    {
      "aspects": ["shadow"],
      "poser": "cobblemon:charmander",
      "model": "cobblemon:charmander.geo",
      "texture": "cobblemon:textures/pokemon/0004_charmander/charmander_shadow.png",
      "layers": [
        {
          "name": "flame",
          "texture": {
            "frames": [
              "cobblemon:textures/pokemon/0004_charmander/flame_shadow/tail1.png",
              "cobblemon:textures/pokemon/0004_charmander/flame_shadow/tail2.png",
              "cobblemon:textures/pokemon/0004_charmander/flame_shadow/tail3.png",
              "cobblemon:textures/pokemon/0004_charmander/flame_shadow/tail4.png"
            ],
            "fps": 10,
            "loop": true
          },
          "emissive": true
        },
        {
          "name": "glow",
          "texture": "cobblemon:textures/pokemon/0004_charmander/charmander_shadow_emissive.png",
          "emissive": true,
          "translucent": true
        }
      ]
    },
    {
      "aspects": ["shadow","shiny"],
      "texture": "cobblemon:textures/pokemon/0004_charmander/charmander_shadow_shiny.png",
      "layers": [
        {
          "name": "glow",
          "texture": "cobblemon:textures/pokemon/0004_charmander/charmander_shadow_emissive.png",
          "emissive": true,
          "translucent": true
        }
      ]
    }
  ]
}