{
  "species": "cobblemon:venusaur",
  "order": 7,
  "variations": [
    {
      "aspects": ["shadow"],
      "poser": "cobblemon:venusaur",
      "model": "cobblemon:venusaur_male.geo",
      "texture": "cobblemon:textures/pokemon/0003_venusaur/venusaur_shadow.png",
      "layers": [
        {
          "name": "emissive",
          "texture": "cobblemon:textures/pokemon/0003_venusaur/venusaur_shadow_emissive.png",
          "emissive": true
        }
      ]
    },
    {
      "aspects": [
        "shadow",
        "shiny"
      ],
      "texture": "cobblemon:textures/pokemon/0003_venusaur/venusaur_shadow_shiny.png"
    },
    {
      "aspects": [
        "shadow",
        "female"
      ],
      "model": "cobblemon:venusaur_female.geo",
      "texture": "cobblemon:textures/pokemon/0003_venusaur/venusaur_shadow.png",
      "layers": [
        {
          "name": "emissive",
          "texture": "cobblemon:textures/pokemon/0003_venusaur/venusaur_shadow_emissive.png",
          "emissive": true
        }
      ]
    },
    {
      "aspects": [
        "shadow",
        "female",
        "shiny"
      ],
      "model": "cobblemon:venusaur_female.geo",
      "texture": "cobblemon:textures/pokemon/0003_venusaur/venusaur_shadow_shiny.png",
      "layers": [
        {
          "name": "emissive",
          "texture": "cobblemon:textures/pokemon/0003_venusaur/venusaur_shadow_emissive.png",
          "emissive": true
        }
      ]
    }
  ]
}
